-- phpMyAdmin SQL Dump
-- version 4.0.10.20
-- https://www.phpmyadmin.net
--
-- Хост: localhost
-- Время создания: Ноя 03 2017 г., 18:01
-- Версия сервера: 5.6.35-81.0
-- Версия PHP: 5.3.28

SET SQL_MODE = "NO_AUTO_VALUE_ON_ZERO";
SET time_zone = "+00:00";


/*!40101 SET @OLD_CHARACTER_SET_CLIENT=@@CHARACTER_SET_CLIENT */;
/*!40101 SET @OLD_CHARACTER_SET_RESULTS=@@CHARACTER_SET_RESULTS */;
/*!40101 SET @OLD_COLLATION_CONNECTION=@@COLLATION_CONNECTION */;
/*!40101 SET NAMES utf8 */;

--
-- База данных: `u0396131_homer`
--

-- --------------------------------------------------------

--
-- Структура таблицы `cases`
--

CREATE TABLE IF NOT EXISTS `cases` (
  `id` int(11) NOT NULL AUTO_INCREMENT,
  `name` varchar(256) NOT NULL,
  `price` int(255) NOT NULL,
  `img` varchar(256) NOT NULL,
  `items` text NOT NULL,
  `created_at` timestamp NOT NULL DEFAULT CURRENT_TIMESTAMP ON UPDATE CURRENT_TIMESTAMP,
  `updated_at` timestamp NOT NULL DEFAULT '0000-00-00 00:00:00',
  PRIMARY KEY (`id`)
) ENGINE=InnoDB  DEFAULT CHARSET=utf8 ROW_FORMAT=DYNAMIC AUTO_INCREMENT=7 ;

--
-- Дамп данных таблицы `cases`
--

INSERT INTO `cases` (`id`, `name`, `price`, `img`, `items`, `created_at`, `updated_at`) VALUES
(1, 'Главная', 50, '/images/uploads/random.jpg', '["199","198","197","196","195","194","193","192","191","190","189","188","187","186","185","184","183","182","181","180","179","178","177","176","175","174","173","172","171","170","169","168","167","166","165","164","163","162","161","160","159","158","157","156","155","154","153","152","151","150","149","148","147","146","145","144","143","142","141","140","139","138","137","136","135","134","133","132","131","130","129","128","127","126","125","124","123","122","121","120","119","118","117","116","115","114","113","112","111","110","109","108","107","106","105","104","103","102","101","100","99","98","97","96","95","94","93","92","91","90","89","88","87","86","85","84","83","82","81","80","79","78","77","76","75","74","73","72","71","70","69","68","67","66","65","64","63","62","61","60","59","57","56","55","54","53","52","51","50","49","48","47","46","45","44","43","42","41","40","39","38","37","36","35","34","33","32","31","30","29","28","27","26","25","24","23","22","21","20","19","18","17","16","15","14","13","12","11","10","9","8","7","6"]', '2017-09-23 04:40:22', '2017-09-23 04:40:22'),
(2, 'CS: Global Offensive', 69, '/images/uploads/csgo_case.jpg', '["7","6"]', '2017-06-09 17:26:59', '2017-06-09 17:26:59'),
(3, 'GRAND THEFT AUTO V', 69, '/images/uploads/gtav.jpg', '["8","6"]', '2017-06-09 17:32:33', '2017-06-09 17:32:33'),
(4, 'Overwatch', 69, '/images/cheapkey/Overwatch.jpg', '["199","6"]', '2017-09-23 04:49:33', '2017-09-23 04:49:33'),
(5, 'Playerunknowns Battle', 69, 'https://cheapkeys.ru/images/cheapkey/playerbattleground.jpg', '["124","6"]', '2017-09-23 04:50:56', '2017-09-23 04:50:56'),
(6, 'Batlefield 1', 69, '/images/games/battlefield1.jpg', '["181","6"]', '2017-09-23 04:56:04', '2017-09-23 04:56:04');

-- --------------------------------------------------------

--
-- Структура таблицы `config`
--

CREATE TABLE IF NOT EXISTS `config` (
  `id` int(11) NOT NULL AUTO_INCREMENT,
  `namesite` varchar(256) NOT NULL,
  `shop_id_digiseller` int(255) NOT NULL,
  `id_tovar_digiseller` int(255) NOT NULL,
  `password_digiseller` varchar(256) NOT NULL,
  `payment` varchar(256) NOT NULL,
  `shop_id_freekassa` int(255) NOT NULL,
  `secret_word_freekassa` varchar(256) NOT NULL,
  `vkgroup` varchar(256) NOT NULL,
  `created_at` timestamp NOT NULL DEFAULT CURRENT_TIMESTAMP ON UPDATE CURRENT_TIMESTAMP,
  `updated_at` timestamp NOT NULL DEFAULT '0000-00-00 00:00:00',
  PRIMARY KEY (`id`)
) ENGINE=InnoDB  DEFAULT CHARSET=utf8 ROW_FORMAT=DYNAMIC AUTO_INCREMENT=2 ;

--
-- Дамп данных таблицы `config`
--

INSERT INTO `config` (`id`, `namesite`, `shop_id_digiseller`, `id_tovar_digiseller`, `password_digiseller`, `payment`, `shop_id_freekassa`, `secret_word_freekassa`, `vkgroup`, `created_at`, `updated_at`) VALUES
(1, 'HomerKeys.ru', 590549, 2363364, 'opimar2013', 'digiseller', 51607, '5xxrgpbn', 'https://vk.com/keyshomer', '2017-09-23 05:38:07', '2017-09-23 05:38:07');

-- --------------------------------------------------------

--
-- Структура таблицы `items`
--

CREATE TABLE IF NOT EXISTS `items` (
  `id` int(11) NOT NULL AUTO_INCREMENT,
  `sell_price` int(255) NOT NULL,
  `name` varchar(256) NOT NULL,
  `img` text NOT NULL,
  `chance` int(255) NOT NULL,
  `key` text NOT NULL,
  `created_at` timestamp NOT NULL DEFAULT CURRENT_TIMESTAMP ON UPDATE CURRENT_TIMESTAMP,
  `updated_at` timestamp NOT NULL DEFAULT '0000-00-00 00:00:00',
  PRIMARY KEY (`id`)
) ENGINE=InnoDB  DEFAULT CHARSET=utf8 ROW_FORMAT=DYNAMIC AUTO_INCREMENT=200 ;

--
-- Дамп данных таблицы `items`
--

INSERT INTO `items` (`id`, `sell_price`, `name`, `img`, `chance`, `key`, `created_at`, `updated_at`) VALUES
(6, 69, 'Случайная Игра', 'http://happyclash.ru/images/cheapkey/akks.gif', 100, '', '2017-11-03 15:01:25', '2017-10-25 13:04:00'),
(7, 449, 'Counter-Strike: Global Offensive', '/images/uploads/csgo.jpg', 0, '["1","2","3","4","5","6","7","8","9","11","12","13","14"]', '2017-09-23 09:15:26', '2017-09-23 09:15:26'),
(8, 1999, 'GRAND THEFT AUTO V', '/images/uploads/gtav.jpg', 0, '["eg","eg w","g s","gw","qg","qw","qwd","sdf","w e","we","weg","wf"]', '2017-09-23 09:19:17', '2017-09-23 09:19:17'),
(9, 219, 'Dark Messiah of Might & Magic', '/images/cheapkey/Dark_Messiah_of_Might_and_Magic_Coverart.jpg', 0, '["1","2","3","4","5","6","7","8","9","11","12"]', '2017-09-23 09:15:43', '2017-09-23 09:15:43'),
(10, 219, 'Fallout 3', '/images/games/fallout_3.jpg', 0, '["1","2","3","4","5","6","7","8"]', '2017-09-23 09:15:54', '2017-09-23 09:15:54'),
(11, 219, 'Fallout: New Vegas', '/images/cheapkey/falloutnew.jpg', 0, '["1","2","3","4","5","6","7","8","9","11"]', '2017-09-23 09:16:07', '2017-09-23 09:16:07'),
(12, 249, 'Kane & Lynch 2: Dog Days', '/images/cheapkey/kanelynch2.jpg', 0, '["1","2","3","4","5","6","7","8","9"]', '2017-09-23 09:16:27', '2017-09-23 09:16:27'),
(13, 249, 'Saints Row: The Third', '/images/games/the_rid.jpg', 0, '["1","2","3","4","5","6","7","8","9"]', '2017-09-23 09:16:36', '2017-09-23 09:16:36'),
(14, 249, 'Portal', '/images/games/portal.jpg', 0, '["1","32","3","4","5","6","7"]', '2017-09-23 09:16:48', '2017-09-23 09:16:48'),
(15, 249, 'Lucius', '/images/cheapkey/lucius.jpg', 0, '["1","2","3","4","5","6","7","8","9","0"]', '2017-09-23 09:16:58', '2017-09-23 09:16:58'),
(16, 249, 'Insurgency', '/images/cheapkey/Insurgency.jpg', 0, '["1"]', '2017-09-21 23:29:45', '2017-09-21 23:29:45'),
(17, 249, 'Goat Simulator', '/images/cheapkey/goat-simulator.jpg', 0, '["1"]', '2017-09-21 23:30:00', '2017-09-21 23:30:00'),
(18, 249, 'Terraria', '/images/cheapkey/terraria.jpg', 0, '["1"]', '2017-09-21 23:30:23', '2017-09-21 23:30:23'),
(19, 249, 'Garrys mod', '/images/cheapkey/garry_mod.jpg', 0, '["1"]', '2017-09-21 23:30:50', '2017-09-21 23:30:50'),
(20, 299, 'Dead Space 2', '/images/games/space_2.jpg', 0, '["1"]', '2017-09-21 23:31:08', '2017-09-21 23:31:08'),
(21, 299, 'Project Zomboid', '/images/games/Project_Zomboid.jpg', 0, '["1"]', '2017-09-21 23:31:24', '2017-09-21 23:31:24'),
(22, 299, 'Darksiders', '/images/cheapkey/darksiders.jpg', 0, '["1"]', '2017-09-21 23:31:49', '2017-09-21 23:31:49'),
(23, 299, 'Starbound', '/images/cheapkey/starbound.jpg', 0, '["1"]', '2017-09-21 23:32:08', '2017-09-21 23:32:08'),
(24, 299, 'Ace of Spades', '/images/cheapkey/Ace_of_Spades.jpg', 0, '["1"]', '2017-09-21 23:32:33', '2017-09-21 23:32:33'),
(25, 326, 'Just Cause 2', '/images/games/Just_Cause_2.jpg', 0, '["1"]', '2017-09-21 23:32:50', '2017-09-21 23:32:50'),
(26, 349, 'DARK', '/images/cheapkey/dark.jpg', 0, '["1"]', '2017-09-21 23:33:08', '2017-09-21 23:33:08'),
(27, 349, 'Bastion', '/images/cheapkey/bastion.jpg', 0, '["1"]', '2017-09-21 23:33:35', '2017-09-21 23:33:35'),
(28, 349, 'Dont Starve Together', '/images/games/together.jpg', 0, '["1"]', '2017-09-21 23:37:12', '2017-09-21 23:37:12'),
(29, 349, 'PAYDAY: The Heist', '/images/games/The_Heist.jpg', 0, '["1"]', '2017-09-21 23:37:33', '2017-09-21 23:37:33'),
(30, 349, 'Shank 2', '/images/games/Shank_2.jpg', 0, '["1"]', '2017-09-21 23:37:52', '2017-09-21 23:37:52'),
(31, 349, 'This Is the Police', '/images/games/police.jpg', 0, '["1"]', '2017-09-21 23:38:10', '2017-09-21 23:38:10'),
(32, 349, 'Magicka 2', '/images/games/Magicka_2.jpg', 0, '["1"]', '2017-09-21 23:38:33', '2017-09-21 23:38:33'),
(33, 349, 'Dont Starve', '/images/games/Dont_Starve.jpg', 0, '["1"]', '2017-09-21 23:38:51', '2017-09-21 23:38:51'),
(34, 349, 'Stranded Deep', '/images/games/deep.png', 0, '["1"]', '2017-09-21 23:39:09', '2017-09-21 23:39:09'),
(35, 349, 'Cities in Motion 2', '/images/games/Cities_in_Motion_2.jpg', 0, '["1"]', '2017-09-21 23:39:34', '2017-09-21 23:39:34'),
(36, 349, 'Saints Row IV', '/images/cheapkey/saintsrow.jpg', 0, '["1"]', '2017-09-21 23:39:50', '2017-09-21 23:39:50'),
(37, 349, 'How to Survive', '/images/cheapkey/H2S.jpg', 0, '["1"]', '2017-09-21 23:40:11', '2017-09-21 23:40:11'),
(38, 349, 'The Culling', '/images/cheapkey/culling.jpg', 0, '["1"]', '2017-09-21 23:40:29', '2017-09-21 23:40:29'),
(39, 349, 'The Forest', '/images/cheapkey/theforest.jpg', 0, '["1"]', '2017-09-21 23:40:48', '2017-09-21 23:40:48'),
(40, 399, 'Portal 2', '/images/games/portal_2.jpg', 0, '["1"]', '2017-09-21 23:43:32', '2017-09-21 23:43:32'),
(41, 399, 'Hitman: Absolution', '/images/games/Hitman-Absolution.jpg', 0, '["1"]', '2017-09-21 23:43:52', '2017-09-21 23:43:52'),
(42, 399, 'Deus Ex: Human Revolution', '/images/games/Deus_Ex.jpg', 0, '["1"]', '2017-09-21 23:44:10', '2017-09-21 23:44:10'),
(43, 399, 'Dead Rising 2', '/images/games/Dead-rising-2.jpg', 0, '["1"]', '2017-09-21 23:44:26', '2017-09-21 23:44:26'),
(44, 399, 'FarCry 3 Blood Dragon', '/images/cheapkey/farcry3dragon.jpg', 0, '["1"]', '2017-09-21 23:44:43', '2017-09-21 23:44:43'),
(45, 399, 'Tomb Raider', '/images/cheapkey/Tomb_Raider.jpeg', 0, '["1"]', '2017-09-21 23:45:01', '2017-09-21 23:45:01'),
(46, 399, 'The Elder Scrolls V: Skyrim', '/images/cheapkey/The_Elder_Scrolls_5.jpg', 0, '["1"]', '2017-09-21 23:45:20', '2017-09-21 23:45:20'),
(47, 419, 'Killer is Dead', 'https://cheapkeys.ru/images/cheapkey/killerisdead.jpg', 0, '["1"]', '2017-09-21 23:50:51', '2017-09-21 23:50:51'),
(48, 419, 'Gauntlet', 'https://cheapkeys.ru/images/cheapkey/gauntlet.jpg', 0, '["1"]', '2017-09-21 23:50:59', '2017-09-21 23:50:59'),
(49, 419, 'BioShock 2 Remastered', 'https://cheapkeys.ru/images/cheapkey/bioshock2rem.jpg', 0, '["1"]', '2017-09-21 23:51:01', '2017-09-21 23:51:01'),
(50, 419, 'Resident Evil 5', '/images/cheapkey/resident5.jpg', 0, '["1"]', '2017-09-21 23:46:41', '2017-09-21 23:46:41'),
(51, 419, 'Ryse: Son of Rome', '/images/cheapkey/ryse_son_of_rome.jpg', 0, '["1"]', '2017-09-21 23:46:58', '2017-09-21 23:46:58'),
(52, 419, 'Counter-Strike: Source', '/images/cheapkey/source.jpg', 0, '["1"]', '2017-09-21 23:47:25', '2017-09-21 23:47:25'),
(53, 419, 'Mortal Kombat Komplete Edition', '/images/cheapkey/mk_komplete.jpg', 0, '["1"]', '2017-09-21 23:47:43', '2017-09-21 23:47:43'),
(54, 419, 'Injustice: Gods Among Us', '/images/cheapkey/Injustice.jpg', 0, '["1"]', '2017-09-21 23:47:59', '2017-09-21 23:47:59'),
(55, 419, 'Dead Island: Riptide', '/images/cheapkey/Dead_Island_Riptide.jpg', 0, '["1"]', '2017-09-21 23:48:18', '2017-09-21 23:48:18'),
(56, 419, 'Dead Island', '/images/cheapkey/dead_island.jpg', 0, '["1"]', '2017-09-21 23:48:35', '2017-09-21 23:48:35'),
(57, 419, 'Batman: Arkham Asylum', '/images/cheapkey/Arkham_Asylum.jpg', 0, '["1"]', '2017-09-21 23:48:52', '2017-09-21 23:48:52'),
(58, 419, 'Batman: Arkham City', '/images/cheapkey/ahkham city.jpg', 0, '["1"]', '2017-09-21 23:58:08', '2017-09-21 23:58:08'),
(59, 419, 'Torchlight 2', '/images/games/torchlight_2.jpg', 0, '["1"]', '2017-09-21 23:58:32', '2017-09-21 23:58:32'),
(60, 419, 'Outlast', '/images/games/Outlast.jpg', 0, '["1"]', '2017-09-21 23:58:51', '2017-09-21 23:58:51'),
(61, 419, 'Lucius 2', '/images/games/Lucius-II.jpg', 0, '["1"]', '2017-09-21 23:59:19', '2017-09-21 23:59:19'),
(62, 419, 'Left 4 Dead', '/images/games/Left4Dead_.jpg', 0, '["1"]', '2017-09-21 23:59:48', '2017-09-21 23:59:48'),
(63, 419, 'Hard Reset Redux', '/images/games/Hard-Reset.jpg', 0, '["1"]', '2017-09-22 00:00:09', '2017-09-22 00:00:09'),
(64, 419, 'Gang Beasts', '/images/games/Gang_Beasts.jpg', 0, '["1"]', '2017-09-22 00:00:29', '2017-09-22 00:00:29'),
(65, 419, 'Deathtrap', '/images/games/Deathtrap.jpg', 0, '["1"]', '2017-09-22 00:00:56', '2017-09-22 00:00:56'),
(66, 419, 'Borderlands', '/images/games/borderlands.jpg', 0, '["1"]', '2017-09-22 00:01:16', '2017-09-22 00:01:16'),
(67, 419, 'BioShock', '/images/games/bioshock.jpg', 0, '["1"]', '2017-09-22 00:01:38', '2017-09-22 00:01:38'),
(68, 419, 'Metro 2033 Redux', '/images/cheapkey/metro2033.jpg', 0, '["1"]', '2017-09-22 00:01:57', '2017-09-22 00:01:57'),
(69, 419, 'Life is Strange', '/images/cheapkey/life-is-strange.jpg', 0, '["1"]', '2017-09-22 00:02:15', '2017-09-22 00:02:15'),
(70, 419, 'Metro Last Light', '/images/cheapkey/metro_last.jpg', 0, '["1"]', '2017-09-22 00:02:40', '2017-09-22 00:02:40'),
(71, 419, 'Payday 2', '/images/cheapkey/payday_2.jpg', 0, '["1"]', '2017-09-22 00:02:59', '2017-09-22 00:02:59'),
(72, 419, 'Rust', '/images/cheapkey/rust.jpg', 0, '["1"]', '2017-09-22 00:03:16', '2017-09-22 00:03:16'),
(73, 419, 'Rocket League', '/images/cheapkey/rocket_league.jpg', 0, '["1"]', '2017-09-22 00:03:35', '2017-09-22 00:03:35'),
(74, 429, 'RAGE', 'https://cheapkeys.ru/images/games/rage.jpg', 0, '["1"]', '2017-09-22 00:08:16', '2017-09-22 00:08:16'),
(75, 429, 'Doom 3 BFG Edition', 'https://cheapkeys.ru/images/games/doombfg.jpg', 0, '["1"]', '2017-09-22 00:08:20', '2017-09-22 00:08:20'),
(76, 449, 'Lost Planet 3', '/images/cheapkey/lost_planet.jpg', 0, '["1"]', '2017-09-22 00:04:39', '2017-09-22 00:04:39'),
(77, 449, 'Tropico 5', '/images/games/tropiko5.jpg', 0, '["1"]', '2017-09-22 00:04:58', '2017-09-22 00:04:58'),
(78, 449, 'Space Engineers', '/images/games/space-engineers.jpg', 0, '["1"]', '2017-09-22 00:05:14', '2017-09-22 00:05:14'),
(79, 449, 'Chivalry: Medieval Warfare', '/images/cheapkey/Chivalry.jpg', 0, '["1"]', '2017-09-22 00:05:32', '2017-09-22 00:05:32'),
(80, 449, 'HurtWorld', '/images/cheapkey/hurtworld.jpg', 0, '["1"]', '2017-09-22 00:05:51', '2017-09-22 00:05:51'),
(81, 499, '7 Days to Die', '/images/cheapkey/7_days.jpg', 0, '["1"]', '2017-09-22 18:54:14', '2017-09-22 18:54:14'),
(82, 499, 'Outlast 2', 'https://cheapkeys.ru/images/cheapkey/outlast2.jpg', 0, '["1"]', '2017-09-22 18:58:29', '2017-09-22 18:58:29'),
(83, 499, 'Grey Goo', 'https://cheapkeys.ru/images/cheapkey/greygoo.jpg', 0, '["1"]', '2017-09-22 18:58:28', '2017-09-22 18:58:28'),
(84, 499, 'Sniper Elite V2', '/images/cheapkey/Sniper_Elite_V2_(game).jpg', 0, '["1"]', '2017-09-22 18:54:52', '2017-09-22 18:54:52'),
(85, 499, 'Batman: Arkham Origins', '/images/cheapkey/batman_origins.jpg', 0, '["1"]', '2017-09-22 18:55:09', '2017-09-22 18:55:09'),
(86, 499, 'ASTRONEER', '/images/games/astroneer.jpg', 0, '["1"]', '2017-09-22 18:55:25', '2017-09-22 18:55:25'),
(87, 499, 'SOMA', '/images/games/soma.jpg', 0, '["1"]', '2017-09-22 18:55:47', '2017-09-22 18:55:47'),
(88, 499, 'Kholat', '/images/games/kholat.jpg', 0, '["1"]', '2017-09-22 18:56:03', '2017-09-22 18:56:03'),
(89, 499, 'Cities: Skylines', '/images/games/cities-skyline.jpg', 0, '["1"]', '2017-09-22 18:56:20', '2017-09-22 18:56:20'),
(90, 499, 'Alan Wake', '/images/games/alan.jpg', 0, '["1"]', '2017-09-22 18:56:38', '2017-09-22 18:56:38'),
(91, 499, 'Age of Wonders 3', '/images/games/Age-of-Wonders-3.jpg', 0, '["1"]', '2017-09-22 18:56:55', '2017-09-22 18:56:55'),
(92, 499, 'Age of Mythology', '/images/games/Age_of_Mythology.jpg', 0, '["1"]', '2017-09-22 18:57:12', '2017-09-22 18:57:12'),
(93, 499, 'Remember Me', '/images/cheapkey/remember.jpg', 0, '["1"]', '2017-09-22 18:59:07', '2017-09-22 18:59:07'),
(94, 499, 'Dead by Daylight', '/images/cheapkey/dead_by.jpg', 0, '["1"]', '2017-09-22 18:59:24', '2017-09-22 18:59:24'),
(95, 499, 'Civilization 5', '/images/cheapkey/civa.jpg', 0, '["1"]', '2017-09-22 18:59:40', '2017-09-22 18:59:40'),
(96, 499, 'Thief', '/images/cheapkey/thief.jpg', 0, '["1"]', '2017-09-22 18:59:58', '2017-09-22 18:59:58'),
(97, 499, 'Left 4 Dead 2', '/images/games/leftdead2.jpg', 0, '["1"]', '2017-09-22 19:00:13', '2017-09-22 19:00:13'),
(98, 499, 'ARK: Survival Evolved', '/images/cheapkey/Ark_Surviva.jpg', 0, '["1"]', '2017-09-22 19:00:31', '2017-09-22 19:00:31'),
(99, 599, 'DARK SOULS: Prepare To Die Edition', '/images/cheapkey/dark_souls_die.jpg', 0, '["1"]', '2017-09-22 19:20:00', '2017-09-22 19:20:00'),
(100, 599, 'The Long Dark', '/images/games/long_dark.png', 0, '["1"]', '2017-09-22 19:20:16', '2017-09-22 19:20:16'),
(101, 599, 'Metal Gear Solid V: The Phantom Pain', '/images/cheapkey/metal-gear-solid-v-the-phantom-pain.jpg', 0, '["1"]', '2017-09-22 19:20:36', '2017-09-22 19:20:36'),
(102, 599, 'Far Cry 3', '/images/cheapkey/Far_Cry_3.jpeg', 0, '["1"]', '2017-09-22 19:20:51', '2017-09-22 19:20:51'),
(103, 599, 'Grand Theft Auto IV', '/images/cheapkey/gta4.jpg', 0, '["1"]', '2017-09-22 19:21:06', '2017-09-22 19:21:06'),
(104, 599, 'South Park: The Stick of Truth', '/images/cheapkey/south_park.jpg', 0, '["1"]', '2017-09-22 19:21:24', '2017-09-22 19:21:24'),
(105, 599, 'Resident Evil 6', '/images/cheapkey/resident_6.jpg', 0, '["1"]', '2017-09-22 19:21:40', '2017-09-22 19:21:40'),
(106, 599, 'Euro Truck Simulator 2', '/images/cheapkey/euro_truck_2.jpg', 0, '["1"]', '2017-09-22 19:22:01', '2017-09-22 19:22:01'),
(107, 649, 'Titan Quest Anniversary Edition', 'https://cheapkeys.ru/images/games/titan quest.jpg', 0, '["1"]', '2017-09-22 19:25:14', '2017-09-22 19:25:14'),
(108, 649, 'The Darkness II', '/images/cheapkey/darkness2.jpg', 0, '["1"]', '2017-09-22 19:22:38', '2017-09-22 19:22:38'),
(109, 649, 'Spec Ops: The Line', '/images/games/the_line.jpg', 0, '["1"]', '2017-09-22 19:22:56', '2017-09-22 19:22:56'),
(110, 659, 'Dishonored', 'https://cheapkeys.ru/images/games/dishonored.jpg', 0, '["1"]', '2017-09-22 19:25:11', '2017-09-22 19:25:11'),
(111, 699, 'Arma 2: Combined Operations', '/images/cheapkey/arma2comb1.jpg', 0, '["1"]', '2017-09-22 19:32:25', '2017-09-22 19:32:25'),
(112, 699, 'Wasteland 2: Directors Cut', '/images/cheapkey/Wasteland2.jpg', 0, '["1"]', '2017-09-22 19:32:41', '2017-09-22 19:32:41'),
(113, 699, 'Shadow Warrior 2', '/images/games/shadowwarrior.jpg', 0, '["1"]', '2017-09-22 19:32:55', '2017-09-22 19:32:55'),
(114, 699, 'Hearts of Iron IV', '/images/games/Hearts_of_iron.jpg', 0, '["1"]', '2017-09-22 19:33:10', '2017-09-22 19:33:10'),
(115, 699, 'Quantum Break', '/images/games/break.jpg', 0, '["1"]', '2017-09-22 19:33:29', '2017-09-22 19:33:29'),
(116, 699, 'Homefront: The Revolution', '/images/cheapkey/Homefront.jpg', 0, '["1"]', '2017-09-22 19:33:44', '2017-09-22 19:33:44'),
(117, 699, 'Max payne 3', '/images/cheapkey/max_payne_3.jpeg', 0, '["1"]', '2017-09-22 19:41:22', '2017-09-22 19:41:22'),
(118, 719, 'Project Cars', '/images/cheapkey/projectcars.jpg', 0, '["1"]', '2017-09-22 19:41:42', '2017-09-22 19:41:42'),
(119, 749, 'DmC: Devil May Cry', 'https://cheapkeys.ru/images/cheapkey/devilmaycry.jpg', 0, '["0"]', '2017-09-22 19:52:21', '2017-09-22 19:52:21'),
(120, 799, 'Казаки 3', '/images/games/cossacks-3.jpg', 0, '["1"]', '2017-09-22 19:42:17', '2017-09-22 19:42:17'),
(121, 799, 'Wolfenstein: The Old Blood', '/images/cheapkey/old_blood.jpg', 0, '["1"]', '2017-09-22 19:42:33', '2017-09-22 19:42:33'),
(122, 799, 'Assassins Creed IV: Black Flag', '/images/cheapkey/creed_4.jpg', 0, '["1"]', '2017-09-22 19:42:52', '2017-09-22 19:42:52'),
(123, 800, 'Spintires', '/images/cheapkey/spintires.jpg', 0, '["0"]', '2017-09-22 19:47:29', '2017-09-22 19:47:29'),
(124, 899, 'Playerunknowns Battlegrounds', 'https://cheapkeys.ru/images/cheapkey/playerbattleground.jpg', 0, '["1"]', '2017-09-22 19:52:18', '2017-09-22 19:52:18'),
(125, 899, 'Sniper Elite 3', '/images/cheapkey/sniper_elite_3.jpg', 0, '["1"]', '2017-09-22 19:48:02', '2017-09-22 19:48:02'),
(126, 899, 'Call of Duty: Modern Warfare 2', '/images/cheapkey/Modern_Warfare_2.jpg', 0, '["1"]', '2017-09-22 19:48:17', '2017-09-22 19:48:17'),
(127, 899, 'Batman: Arkham Knight', '/images/cheapkey/batman-arkham-knight.jpg', 0, '["1"]', '2017-09-22 19:48:32', '2017-09-22 19:48:32'),
(128, 899, 'Middle-earth: Shadow of Mordor', '/images/cheapkey/mordor.jpg', 0, '["1"]', '2017-09-22 19:48:51', '2017-09-22 19:48:51'),
(129, 899, 'Mortal Kombat X', '/images/cheapkey/mortal_kombat_x.jpg', 0, '["1"]', '2017-09-22 19:49:15', '2017-09-22 19:49:15'),
(130, 999, 'Anno 2070', 'https://cheapkeys.ru/images/games/anno2070.jpg', 0, '["1"]', '2017-09-22 19:52:15', '2017-09-22 19:52:15'),
(131, 999, 'Pro Evolution Soccer 2015', 'https://cheapkeys.ru/images/cheapkey/pes15.jpg', 0, '["1"]', '2017-09-22 19:52:12', '2017-09-22 19:52:12'),
(132, 999, 'The Bureau: XCOM Declassified', '/images/games/the_berau.jpg', 0, '["1"]', '2017-09-22 19:50:12', '2017-09-22 19:50:12'),
(133, 999, 'Carrier Command: Gaea Mission', '/images/games/Carrier.jpg', 0, '["1"]', '2017-09-22 19:50:29', '2017-09-22 19:50:29'),
(134, 999, 'Blood Bowl 2', '/images/games/Bowl-2.jpg', 0, '["1"]', '2017-09-22 19:50:45', '2017-09-22 19:50:45'),
(135, 999, 'Dragon Age: Inquisition', '/images/cheapkey/dragon_age.jpg', 0, '["1"]', '2017-09-23 03:38:01', '2017-09-23 03:38:01'),
(136, 999, 'The Evil Within', '/images/cheapkey/The_Evil_Within.jpeg', 0, '["1"]', '2017-09-23 03:38:19', '2017-09-23 03:38:19'),
(137, 999, 'Farming Simulator 15', '/images/cheapkey/farming_15.jpg', 0, '["1"]', '2017-09-23 03:40:02', '2017-09-23 03:40:02'),
(138, 999, 'Mafia 2', '/images/cheapkey/mafia_2.jpg', 0, '["1"]', '2017-09-23 03:40:17', '2017-09-23 03:40:17'),
(139, 999, 'Battlefield 3', '/images/cheapkey/bf3.jpg', 0, '["1"]', '2017-09-23 03:40:34', '2017-09-23 03:40:34'),
(140, 999, 'Battlefield 4', '/images/cheapkey/bf4.jpg', 0, '["1"]', '2017-09-23 03:40:52', '2017-09-23 03:40:52'),
(141, 999, 'Titanfall', '/images/cheapkey/Titanfall.jpg', 0, '["1"]', '2017-09-23 03:41:10', '2017-09-23 03:41:10'),
(142, 999, 'Wolfenstein: The New Order', '/images/cheapkey/wolfenstein.jpg', 0, '["1"]', '2017-09-23 03:43:48', '2017-09-23 03:43:48'),
(143, 999, 'Bioshock Infinite', '/images/cheapkey/bioshock_infinite.jpg', 0, '["1"]', '2017-09-23 03:44:07', '2017-09-23 03:44:07'),
(144, 999, 'XCOM Enemy Unknown', '/images/cheapkey/xcom.jpg', 0, '["1"]', '2017-09-23 03:44:23', '2017-09-23 03:44:23'),
(145, 999, 'Borderlands 2', '/images/cheapkey/borderlands_2.jpeg', 0, '["1"]', '2017-09-23 03:44:44', '2017-09-23 03:44:44'),
(146, 999, 'Dead Rising 3', '/images/cheapkey/dead-rising-3.jpg', 0, '["1"]', '2017-09-23 03:45:01', '2017-09-23 03:45:01'),
(147, 1029, 'Company of Heroes 2', '/images/games/Company of Heroes 2.jpg', 0, '["1"]', '2017-09-23 03:47:12', '2017-09-23 03:47:12'),
(148, 1049, 'Mad Max', '/images/cheapkey/mad_max.jpg', 0, '["1"]', '2017-09-23 03:47:38', '2017-09-23 03:47:38'),
(149, 1149, 'Aliens: Colonial Marines', '/images/cheapkey/Aliens-Colonial.jpg', 0, '["1"]', '2017-09-23 03:47:56', '2017-09-23 03:47:56'),
(150, 1199, 'Dark Souls 2', '/images/games/dark_souls_2.jpg', 0, '["1"]', '2017-09-23 03:48:14', '2017-09-23 03:48:14'),
(151, 1199, 'Ведьмак 3: Дикая Охота', '/images/cheapkey/The_Witcher_3.jpg', 0, '["1"]', '2017-09-23 03:48:33', '2017-09-23 03:48:33'),
(152, 1199, 'Plants vs. Zombies: Garden Warfare', '/images/cheapkey/Plants_vs._Zombies.jpg', 0, '["1"]', '2017-09-23 03:48:53', '2017-09-23 03:48:53'),
(153, 1199, 'H1Z1', '/images/cheapkey/h1z1.jpg', 0, '["1"]', '2017-09-23 03:49:20', '2017-09-23 03:49:20'),
(154, 1199, 'Mirrors Edge Catalyst', '/images/cheapkey/catalyst.jpg', 0, '["1"]', '2017-09-23 03:49:41', '2017-09-23 03:49:41'),
(155, 1299, 'Minecraft', '/images/cheapkey/mine1.jpg', 0, '["1"]', '2017-09-23 03:49:58', '2017-09-23 03:49:58'),
(156, 1299, 'Deadpool', '/images/cheapkey/deadpool.jpg', 0, '["1"]', '2017-09-23 03:50:19', '2017-09-23 03:50:19'),
(157, 1299, 'Just Cause 3', '/images/games/Just_Cause_3.jpg', 0, '["1"]', '2017-09-23 03:50:38', '2017-09-23 03:50:38'),
(158, 1299, 'Deus Ex: Manking Devided', '/images/cheapkey/ex.jpg', 0, '["1"]', '2017-09-23 03:50:58', '2017-09-23 03:50:58'),
(159, 1299, 'The Amazing Spider-Man 2', '/images/cheapkey/The-Amazing-Spider-Man-2.jpg', 0, '["1"]', '2017-09-23 04:05:54', '2017-09-23 04:05:54'),
(160, 1299, 'The Amazing Spider-Man', '/images/cheapkey/spider_man.jpg', 0, '["1"]', '2017-09-23 04:06:22', '2017-09-23 04:06:22'),
(161, 1299, 'Hitman', '/images/cheapkey/hit.jpg', 0, '["1"]', '2017-09-23 04:06:40', '2017-09-23 04:06:40'),
(162, 1299, 'Prototype 2', '/images/cheapkey/prototupe_2.jpg', 0, '["1"]', '2017-09-23 04:06:58', '2017-09-23 04:06:58'),
(163, 1299, 'Dying Light', '/images/cheapkey/dying_light.jpg', 0, '["1"]', '2017-09-23 04:07:17', '2017-09-23 04:07:17'),
(164, 1399, 'Dayz', '/images/cheapkey/dayz_standalone.jpg', 0, '["1"]', '2017-09-23 04:07:35', '2017-09-23 04:07:35'),
(165, 1499, 'Far Cry 4', '/images/cheapkey/Far_Cry_4.jpg', 0, '["1"]', '2017-09-23 04:11:51', '2017-09-23 04:11:51'),
(166, 1499, 'The Crew', '/images/cheapkey/the-crew.jpg', 0, '["1"]', '2017-09-23 04:12:10', '2017-09-23 04:12:10'),
(167, 1499, 'Tom Clancys Rainbow Six Siege', '/images/cheapkey/rainbow_six.jpg', 0, '["1"]', '2017-09-23 04:12:31', '2017-09-23 04:12:31'),
(168, 1529, 'Total War: Attila', '/images/cheapkey/total-war-attila.jpg', 0, '["1"]', '2017-09-23 04:12:49', '2017-09-23 04:12:49'),
(169, 1529, 'Total War: Rome 2', '/images/cheapkey/Total_War_ROME_2.jpg', 0, '["1"]', '2017-09-23 04:13:07', '2017-09-23 04:13:07'),
(170, 1699, 'XCOM 2', '/images/cheapkey/xcom2.jpg', 0, '["1"]', '2017-09-23 04:13:22', '2017-09-23 04:13:22'),
(171, 1799, 'Plants vs. Zombies Garden Warfare 2', '/images/cheapkey/zomby_garden_2.jpg', 0, '["1"]', '2017-09-23 04:21:53', '2017-09-23 04:21:53'),
(172, 1799, 'Call of Duty: Modern Warfare 3', '/images/cheapkey/mw3.jpg', 0, '["1"]', '2017-09-23 04:22:09', '2017-09-23 04:22:09'),
(173, 1799, 'Call of Duty: Black Ops', '/images/cheapkey/black_ops.jpg', 0, '["1"]', '2017-09-23 04:22:26', '2017-09-23 04:22:26'),
(174, 1999, 'For Honor', '/images/keys/forhonor_case.jpg', 0, '["1"]', '2017-09-23 04:22:46', '2017-09-23 04:22:46'),
(175, 1999, 'Resident Evil 7: Biohazard', '/images/keys/evil7_case.jpg', 0, '["1"]', '2017-09-23 04:23:01', '2017-09-23 04:23:01'),
(176, 1999, 'Titanfall 2', '/images/games/titanfall2.JPG', 0, '["1"]', '2017-09-23 04:23:18', '2017-09-23 04:23:18'),
(177, 1999, 'FIFA 17', '/images/games/fifa17.jpg', 0, '["1"]', '2017-09-23 04:23:40', '2017-09-23 04:23:40'),
(178, 1999, 'Farming Simulator 17', '/images/games/farming17.jpg', 0, '["1"]', '2017-09-23 04:23:55', '2017-09-23 04:23:55'),
(179, 1999, 'Dishonored 2', '/images/games/dishonored2.jpg', 0, '["1"]', '2017-09-23 04:24:11', '2017-09-23 04:24:11'),
(180, 1999, 'Call of Duty: Infinite Warfare', '/images/games/codinfwar.jpg', 0, '["1"]', '2017-09-23 04:24:34', '2017-09-23 04:24:34'),
(181, 1999, 'Battlefield 1', '/images/games/battlefield1.jpg', 0, '["1"]', '2017-09-23 04:25:09', '2017-09-23 04:25:09'),
(182, 1999, 'Watch_Dogs 2', '/images/games/watch_dogs_2.jpg', 0, '["1"]', '2017-09-23 04:25:27', '2017-09-23 04:25:27'),
(183, 1999, 'Steep', '/images/games/steep1.jpg', 0, '["1"]', '2017-09-23 04:28:35', '2017-09-23 04:28:35'),
(184, 1999, 'Mafia 3', '/images/games/Mafia-3.jpg', 0, '["1"]', '2017-09-23 04:28:56', '2017-09-23 04:28:56'),
(185, 1999, 'Sid Meier’s Civilization 6', '/images/games/civa_6.jpg', 0, '["1"]', '2017-09-23 04:29:10', '2017-09-23 04:29:10'),
(186, 1999, 'Far Cry Primal', '/images/cheapkey/far-cry-primal.jpg', 0, '["1"]', '2017-09-23 04:29:27', '2017-09-23 04:29:27'),
(187, 1999, 'No mans sky', '/images/cheapkey/no_sky.jpg', 0, '["1"]', '2017-09-23 04:29:43', '2017-09-23 04:29:43'),
(188, 1999, 'DOOM', '/images/cheapkey/doom.jpg', 0, '["1"]', '2017-09-23 04:30:04', '2017-09-23 04:30:04'),
(189, 1999, 'Dark Souls 3', '/images/cheapkey/Dark-Souls-3.jpg', 0, '["1"]', '2017-09-23 04:35:15', '2017-09-23 04:35:15'),
(190, 1999, 'Tom Clancys The Division', '/images/cheapkey/Division.jpg', 0, '["1"]', '2017-09-23 04:35:34', '2017-09-23 04:35:34'),
(191, 1999, 'Star Wars: Battlefront', '/images/cheapkey/star_wars.jpg', 0, '["1"]', '2017-09-23 04:35:49', '2017-09-23 04:35:49'),
(192, 1999, 'Fallout 4', '/images/cheapkey/fallout4.jpg', 0, '["1"]', '2017-09-23 04:36:04', '2017-09-23 04:36:04'),
(193, 2133, 'Valve Complete Pack', '/images/games/valve_pack.jpg', 0, '["1"]', '2017-09-23 04:36:28', '2017-09-23 04:36:28'),
(194, 2299, 'Arma 3', '/images/cheapkey/arma_3.jpg', 0, '["1"]', '2017-09-23 04:37:41', '2017-09-23 04:37:41'),
(195, 2599, 'Call of Duty: Advanced Warfare', '/images/cheapkey/cod_adwanced.jpg', 0, '["1"]', '2017-09-23 04:37:58', '2017-09-23 04:37:58'),
(196, 2599, 'Call of Duty: Black Ops 3', '/images/cheapkey/bo3.jpg', 0, '["1"]', '2017-09-23 04:38:18', '2017-09-23 04:38:18'),
(197, 2599, 'Call of Duty: Ghosts', '/images/cheapkey/ghosts.jpg', 0, '["1"]', '2017-09-23 04:38:34', '2017-09-23 04:38:34'),
(198, 2599, 'Call of Duty: Black Ops 2', '/images/cheapkey/cod-black_ops_2.jpg', 0, '["1"]', '2017-09-23 04:38:48', '2017-09-23 04:38:48'),
(199, 3299, 'Overwatch', '/images/cheapkey/Overwatch.jpg', 0, '["1"]', '2017-09-23 04:39:56', '2017-09-23 04:39:56');

-- --------------------------------------------------------

--
-- Структура таблицы `live_drop`
--

CREATE TABLE IF NOT EXISTS `live_drop` (
  `id` int(11) NOT NULL AUTO_INCREMENT,
  `user_id` varchar(256) NOT NULL,
  `item_id` varchar(256) NOT NULL,
  `case_id` varchar(256) NOT NULL,
  `key` varchar(256) NOT NULL,
  `created_at` timestamp NOT NULL DEFAULT CURRENT_TIMESTAMP ON UPDATE CURRENT_TIMESTAMP,
  `updated_at` timestamp NOT NULL DEFAULT '0000-00-00 00:00:00',
  PRIMARY KEY (`id`)
) ENGINE=InnoDB  DEFAULT CHARSET=utf8 AUTO_INCREMENT=218 ;

--
-- Дамп данных таблицы `live_drop`
--

INSERT INTO `live_drop` (`id`, `user_id`, `item_id`, `case_id`, `key`, `created_at`, `updated_at`) VALUES
(98, '9', '6', '2', '6EP26-9R7G2-DH9RP', '2017-09-23 06:25:05', '2017-09-23 06:25:05'),
(99, '9', '7', '2', '1', '2017-09-23 06:26:21', '2017-09-23 06:26:21'),
(100, '15', '6', '1', '07V5D-PVDPM-8WWCH', '2017-09-23 07:18:41', '2017-09-23 07:18:41'),
(101, '16', '6', '1', '0BKZ4-IGIZZ-4A2TY', '2017-09-23 07:30:35', '2017-09-23 07:30:35'),
(102, '19', '6', '1', '0DDKC-FJMQX-3ZRFR', '2017-09-23 08:41:12', '2017-09-23 08:41:12'),
(103, '20', '6', '1', '0Y0FJ-NERK6-N2GZJ', '2017-09-23 09:04:53', '2017-09-23 09:04:53'),
(104, '21', '6', '1', '270QI-VCNK9-4AMH6', '2017-09-23 09:10:25', '2017-09-23 09:10:25'),
(105, '7', '6', '3', '28NHE-7LHY7-F0FCM', '2017-09-23 09:18:27', '2017-09-23 09:18:27'),
(106, '7', '8', '3', 'eg', '2017-09-23 09:18:55', '2017-09-23 09:18:55'),
(107, '19', '6', '1', '28NHE-7LHY7-F0FCM', '2017-09-23 09:24:59', '2017-09-23 09:24:59'),
(108, '22', '6', '1', '29029-CMI23-R63MY', '2017-09-23 09:27:39', '2017-09-23 09:27:39'),
(109, '23', '6', '3', '2Q723-5GXRI-7AG6K', '2017-09-23 09:30:47', '2017-09-23 09:30:47'),
(110, '24', '6', '5', '2T3XD-6T697-6AF08', '2017-09-23 09:35:53', '2017-09-23 09:35:53'),
(111, '25', '6', '1', '34NP8-CXE3I-5EW93', '2017-09-23 09:37:56', '2017-09-23 09:37:56'),
(112, '25', '6', '1', '35PNF-E7YB8-K0PX5', '2017-09-23 09:38:28', '2017-09-23 09:38:28'),
(113, '26', '6', '1', '38ZF5-J0GRZ-Y2F7Y', '2017-09-23 09:45:14', '2017-09-23 09:45:14'),
(114, '26', '6', '1', '3D27N-4JM90-TJ9V5', '2017-09-23 09:46:17', '2017-09-23 09:46:17'),
(115, '27', '6', '1', '50WAP-HBGLA-V0A5P', '2017-09-23 09:47:39', '2017-09-23 09:47:39'),
(116, '27', '6', '1', '50ZPM-PHBQ3-ARC4F', '2017-09-23 09:48:03', '2017-09-23 09:48:03'),
(117, '9', '7', '2', '1', '2017-09-23 09:49:10', '2017-09-23 09:45:00'),
(118, '28', '6', '1', '5RVX7-4I9CE-9QYMQ', '2017-09-23 09:50:56', '2017-09-23 09:50:56'),
(119, '10', '124', '5', '1', '2017-09-23 09:57:00', '2017-09-23 09:57:00'),
(120, '31', '6', '1', '64VNN-WXED3-MCQ3P', '2017-09-23 10:01:48', '2017-09-23 10:01:48'),
(121, '31', '6', '1', '65YP3-K4QBI-HF5C8', '2017-09-23 10:02:14', '2017-09-23 10:02:14'),
(122, '30', '6', '1', '6JBZB-FDFIZ-8DXDE', '2017-09-23 10:03:44', '2017-09-23 10:03:44'),
(123, '32', '6', '1', '70Z7K-KBY2N-RX3L3', '2017-09-23 10:05:19', '2017-09-23 10:05:19'),
(124, '32', '6', '1', '7FCL9-MCH68-LBI0B', '2017-09-23 10:05:36', '2017-09-23 10:05:36'),
(125, '2', '193', '1', '1', '2017-09-23 10:07:00', '2017-09-23 10:07:00'),
(126, '34', '6', '1', '7V5WF-HJC2R-Q4LF0', '2017-09-23 10:15:01', '2017-09-23 10:15:01'),
(127, '33', '6', '1', '80IEH-DPYNT-YZLJM', '2017-09-23 10:15:43', '2017-09-23 10:15:43'),
(128, '36', '6', '1', '8EFBG-9E7JQ-DXYEF', '2017-09-23 10:16:26', '2017-09-23 10:16:26'),
(129, '35', '6', '1', '8V7F7-J3JP2-R0PD9', '2017-09-23 10:16:28', '2017-09-23 10:16:28'),
(130, '39', '6', '1', '98PZ3-KDVLY-RJTWR', '2017-09-23 10:19:15', '2017-09-23 10:19:15'),
(131, '41', '6', '1', '9EG4H-D8LGB-QZPZQ', '2017-09-23 10:19:43', '2017-09-23 10:19:43'),
(132, '41', '6', '1', '9GARL-TYXHA-BIXNE', '2017-09-23 10:19:56', '2017-09-23 10:19:56'),
(133, '40', '6', '1', '9KZ59-NTQTJ-WGZTG', '2017-09-23 10:20:34', '2017-09-23 10:20:34'),
(134, '37', '6', '1', '9QDGV-FPHJ5-Z2FVX', '2017-09-23 10:21:00', '2017-09-23 10:21:00'),
(135, '2', '195', '1', '1', '2017-09-23 10:20:00', '2017-09-23 10:20:00'),
(136, '38', '6', '1', '9R7MQ-44H06-5ZZLC', '2017-09-23 10:21:21', '2017-09-23 10:21:21'),
(137, '3', '181', '1', '1', '2017-09-23 10:22:00', '2017-09-23 10:22:00'),
(138, '42', '6', '1', 'A3FAG-JDRBD-PPQ36', '2017-09-23 10:23:04', '2017-09-23 10:23:04'),
(139, '43', '6', '1', 'AM64Y-EZVWH-P3KR8', '2017-09-23 10:27:44', '2017-09-23 10:27:44'),
(140, '44', '6', '1', 'B4MBQ-D8QPJ-8WFVH', '2017-09-23 10:29:07', '2017-09-23 10:29:07'),
(141, '5', '155', '1', '1', '2017-09-23 10:30:00', '2017-09-23 10:30:00'),
(142, '45', '6', '1', 'B5HH5-7DHMV-A8QRV', '2017-09-23 10:31:36', '2017-09-23 10:31:36'),
(143, '46', '6', '1', 'BDNLY-VFE39-MKR9R', '2017-09-23 10:33:09', '2017-09-23 10:33:09'),
(144, '6', '116', '1', '1', '2017-09-23 10:34:00', '2017-09-23 10:34:00'),
(145, '10', '40', '1', '1', '2017-09-23 10:41:00', '2017-09-23 10:41:00'),
(146, '47', '6', '1', 'BEPKF-8YDP9-Z5EHD', '2017-09-23 10:46:03', '2017-09-23 10:46:03'),
(147, '48', '6', '1', 'BVFWL-NPY82-5II46', '2017-09-23 10:48:51', '2017-09-23 10:48:51'),
(148, '49', '6', '1', 'C95N0-R3JDR-F7C6E', '2017-09-23 10:50:20', '2017-09-23 10:50:20'),
(149, '50', '6', '1', 'CBGXD-WVXVR-Q24LN', '2017-09-23 10:55:08', '2017-09-23 10:55:08'),
(150, '51', '6', '1', 'CG35W-LVJXI-LDME0', '2017-09-23 10:58:36', '2017-09-23 10:58:36'),
(151, '11', '124', '1', '1', '2017-09-23 11:00:00', '2017-09-23 11:00:00'),
(152, '52', '6', '1', 'CQ0RK-GGZCK-JW98D', '2017-09-23 11:07:00', '2017-09-23 11:07:00'),
(153, '54', '6', '1', 'CVZX9-QAQAG-DTAEN', '2017-09-23 11:11:13', '2017-09-23 11:11:13'),
(154, '53', '6', '1', 'CY827-3V67Q-LXNX4', '2017-09-23 11:11:41', '2017-09-23 11:11:41'),
(155, '55', '6', '1', 'D39TD-4FLJW-B5GVT', '2017-09-23 11:18:30', '2017-09-23 11:18:30'),
(156, '11', '157', '1', '1', '2017-09-23 11:20:00', '2017-09-23 11:20:00'),
(157, '56', '6', '1', 'D5KE6-Z2YR7-FZT7J', '2017-09-23 11:24:56', '2017-09-23 11:24:56'),
(158, '57', '6', '1', 'DGBKN-8289G-Q579Q', '2017-09-23 11:31:14', '2017-09-23 11:31:14'),
(159, '58', '6', '1', 'DHX2H-GEQWG-VGRB3', '2017-09-23 12:14:35', '2017-09-23 12:14:35'),
(160, '1', '124', '1', '1', '2017-09-23 12:16:00', '2017-09-23 12:16:00'),
(161, '60', '6', '1', 'DMXR9-T4DMZ-VZVW9', '2017-09-23 12:56:41', '2017-09-23 12:56:41'),
(162, '61', '6', '1', 'E35L7-P2T8T-DZ70L', '2017-09-23 13:08:21', '2017-09-23 13:08:21'),
(163, '62', '6', '1', 'EDRPP-TTRAH-7MD0E', '2017-09-23 13:13:30', '2017-09-23 13:13:30'),
(164, '3', '179', '1', '1', '2017-09-23 13:14:00', '2017-09-23 13:14:00'),
(165, '10', '197', '1', '1', '2017-09-23 15:51:00', '2017-09-23 15:51:00'),
(166, '65', '6', '1', 'EF439-EC34G-Z7X93', '2017-09-23 16:15:20', '2017-09-23 16:15:20'),
(167, '66', '6', '1', 'EQ3ZQ-VEHLD-XCWQ3', '2017-09-23 16:17:10', '2017-09-23 16:17:10'),
(168, '68', '6', '1', 'EQNTI-75ND3-ZRH9M', '2017-09-23 19:22:34', '2017-09-23 19:22:34'),
(169, '70', '6', '1', 'EQZQF-TZGJ3-W5Q25', '2017-09-24 06:19:44', '2017-09-24 06:19:44'),
(170, '8', '7', '1', '1', '2017-09-24 06:50:00', '2017-09-24 06:50:00'),
(171, '64', '6', '1', 'F0NHV-QYG8F-VYFQC', '2017-09-24 06:50:49', '2017-09-24 06:50:49'),
(172, '11', '73', '1', '1', '2017-09-24 06:55:00', '2017-09-24 06:55:00'),
(173, '7', '175', '1', '1', '2017-09-24 10:25:00', '2017-09-24 10:25:00'),
(174, '26', '148', '1', '1', '2017-09-24 10:57:00', '2017-09-24 10:57:00'),
(175, '4', '156', '1', '1', '2017-09-24 15:23:00', '2017-09-24 15:23:00'),
(176, '23', '190', '1', '1', '2017-09-24 18:04:00', '2017-09-24 18:04:00'),
(177, '25', '124', '1', '1', '2017-09-24 20:38:00', '2017-09-24 20:38:00'),
(178, '78', '6', '1', 'F4NYN-8PPGT-64TLF', '2017-09-25 07:19:54', '2017-09-25 07:19:54'),
(179, '1', '173', '1', '1', '2017-09-25 09:32:00', '2017-09-25 09:32:00'),
(180, '30', '120', '1', '1', '2017-09-25 13:36:00', '2017-09-25 13:36:00'),
(181, '33', '124', '1', '1', '2017-09-25 16:08:00', '2017-09-25 16:08:00'),
(182, '1', '6', '1', '1', '2017-09-25 16:10:00', '2017-09-25 16:10:00'),
(183, '2', '6', '1', '1', '2017-09-25 16:11:00', '2017-09-25 16:11:00'),
(184, '3', '6', '1', '1', '2017-09-25 16:11:00', '2017-09-25 16:11:00'),
(185, '91', '6', '1', 'FDNR9-NWP59-2FFN5', '2017-09-25 19:50:16', '2017-09-25 19:50:16'),
(186, '26', '180', '1', '1', '2017-09-26 08:21:00', '2017-09-26 08:21:00'),
(187, '27', '6', '1', '1', '2017-09-26 08:22:00', '2017-09-26 08:22:00'),
(188, '28', '6', '1', '1', '2017-09-26 08:23:00', '2017-09-26 08:23:00'),
(189, '29', '8', '1', '1', '2017-09-26 08:29:00', '2017-09-26 08:29:00'),
(190, '93', '6', '1', 'FEBHI-PAYGL-XRWFM', '2017-09-26 09:17:45', '2017-09-26 09:17:45'),
(191, '94', '6', '1', 'FG27Y-ZG5NF-8RP54', '2017-09-26 09:34:27', '2017-09-26 09:34:27'),
(192, '1', '124', '1', '1', '2017-09-26 11:19:00', '2017-09-26 11:19:00'),
(193, '96', '6', '1', 'G4CGQ-XDC7L-QBWD4', '2017-09-26 12:29:48', '2017-09-26 12:29:48'),
(194, '97', '6', '1', 'GCT5N-4JIQK-87835', '2017-09-26 12:32:44', '2017-09-26 12:32:44'),
(195, '98', '6', '1', 'GD7NT-M7I4G-0BH2I', '2017-09-26 16:30:25', '2017-09-26 16:30:25'),
(196, '10', '167', '1', '1', '2017-09-26 17:36:30', '2017-09-26 17:36:30'),
(197, '99', '6', '1', 'GJFF3-3KR6M-8WYJB', '2017-09-26 17:41:11', '2017-09-26 17:41:11'),
(198, '100', '6', '1', 'GLQZY-CFJP8-CEJ9V', '2017-09-26 17:57:28', '2017-09-26 17:57:28'),
(199, '101', '6', '1', 'HAHIW-P78BQ-KXCIJ', '2017-09-26 18:07:31', '2017-09-26 18:07:31'),
(200, '102', '6', '1', 'HEYXG-2WJ0G-H52KR', '2017-09-26 18:11:33', '2017-09-26 18:11:33'),
(201, '38', '124', '1', '1', '2017-09-26 18:14:30', '2017-09-26 18:14:30'),
(202, '21', '51', '1', '1', '2017-10-07 23:40:00', '2017-10-07 23:40:00'),
(203, '23', '56', '1', '1', '2017-10-07 23:40:00', '2017-10-07 23:40:00'),
(204, '24', '61', '1', '1', '2017-10-07 23:40:00', '2017-10-07 23:40:00'),
(205, '25', '64', '1', '1', '2017-10-07 23:40:00', '2017-10-07 23:40:00'),
(206, '26', '67', '1', '1', '2017-10-07 23:40:00', '2017-10-07 23:40:00'),
(207, '27', '70', '1', '1', '2017-10-07 23:40:00', '2017-10-07 23:40:00'),
(208, '28', '73', '1', '1', '2017-10-07 23:40:00', '2017-10-07 23:40:00'),
(209, '29', '90', '1', '1', '2017-10-07 23:40:00', '2017-10-07 23:40:00'),
(210, '21', '45', '1', '1', '2017-10-07 23:40:00', '2017-10-07 23:40:00'),
(211, '11', '6', '1', 'HG64D-EW76G-AXYG4', '2017-10-20 09:21:42', '2017-10-20 09:21:42'),
(212, '125', '6', '1', 'HJCHH-2XK7E-JWAAK', '2017-10-25 13:01:47', '2017-10-25 13:01:47'),
(213, '125', '6', '1', 'HK430-I2QCQ-ARBR0', '2017-10-25 13:02:03', '2017-10-25 13:02:03'),
(214, '125', '6', '3', 'HKL67-492PN-BPERW', '2017-10-25 13:03:14', '2017-10-25 13:03:14'),
(215, '125', '6', '3', 'I2PKQ-9G0AK-QI9A4', '2017-10-25 13:03:30', '2017-10-25 13:03:30'),
(216, '125', '6', '3', 'I2PZ4-P9JNY-YTKNZ', '2017-10-25 13:03:46', '2017-10-25 13:03:46'),
(217, '125', '6', '3', 'IL0DW-DW0HG-XYIAN', '2017-10-25 13:04:00', '2017-10-25 13:04:00');

-- --------------------------------------------------------

--
-- Структура таблицы `orders`
--

CREATE TABLE IF NOT EXISTS `orders` (
  `id` int(11) NOT NULL AUTO_INCREMENT,
  `user_id` varchar(256) NOT NULL,
  `amount` varchar(256) NOT NULL,
  `status` int(11) NOT NULL DEFAULT '0',
  `created_at` timestamp NOT NULL DEFAULT CURRENT_TIMESTAMP ON UPDATE CURRENT_TIMESTAMP,
  `updated_at` timestamp NOT NULL DEFAULT '0000-00-00 00:00:00',
  PRIMARY KEY (`id`)
) ENGINE=InnoDB  DEFAULT CHARSET=utf8 AUTO_INCREMENT=95 ;

--
-- Дамп данных таблицы `orders`
--

INSERT INTO `orders` (`id`, `user_id`, `amount`, `status`, `created_at`, `updated_at`) VALUES
(1, '2', '300', 0, '2017-05-13 17:49:53', '2017-05-13 17:49:53'),
(2, '2', '300', 0, '2017-05-13 17:50:32', '2017-05-13 17:50:32'),
(3, '2', '300', 0, '2017-05-13 17:51:32', '2017-05-13 17:51:32'),
(4, '2', '300', 0, '2017-05-13 17:55:03', '2017-05-13 17:55:03'),
(5, '2', '300', 0, '2017-05-13 17:55:35', '2017-05-13 17:55:35'),
(6, '2', '300', 0, '2017-05-13 17:57:10', '2017-05-13 17:57:10'),
(7, '2', '300', 0, '2017-05-13 18:08:52', '2017-05-13 18:08:52'),
(8, '2', '300', 0, '2017-05-13 18:09:29', '2017-05-13 18:09:29'),
(9, '2', '300', 0, '2017-05-13 18:11:48', '2017-05-13 18:11:48'),
(10, '2', '300', 0, '2017-05-13 18:15:59', '2017-05-13 18:15:59'),
(11, '2', '300', 0, '2017-05-13 19:28:22', '2017-05-13 19:28:22'),
(12, '2', '300', 0, '2017-05-13 19:31:08', '2017-05-13 19:31:08'),
(13, '2', '10', 0, '2017-05-13 19:32:42', '2017-05-13 19:32:42'),
(14, '2', '300', 0, '2017-05-13 20:04:35', '2017-05-13 20:04:35'),
(15, '2', '300', 0, '2017-05-13 20:05:51', '2017-05-13 20:05:51'),
(16, '2', '300', 0, '2017-05-13 20:13:32', '2017-05-13 20:13:32'),
(17, '2', '3', 1, '2017-05-13 20:18:40', '2017-05-14 08:49:22'),
(18, '3', '300', 0, '2017-06-04 20:06:48', '2017-06-04 20:06:48'),
(19, '3', '300', 0, '2017-06-04 20:28:01', '2017-06-04 20:28:01'),
(20, '3', '300', 0, '2017-06-05 15:40:34', '2017-06-05 15:40:34'),
(21, '3', '300', 0, '2017-06-05 15:47:09', '2017-06-05 15:47:09'),
(22, '3', '300', 0, '2017-06-05 15:47:13', '2017-06-05 15:47:13'),
(23, '3', '300', 0, '2017-06-05 15:47:25', '2017-06-05 15:47:25'),
(24, '3', '300', 0, '2017-06-05 15:47:29', '2017-06-05 15:47:29'),
(25, '3', '300', 0, '2017-06-05 20:03:20', '2017-06-05 20:03:20'),
(26, '3', '300', 0, '2017-06-06 13:12:17', '2017-06-06 13:12:17'),
(27, '3', '300', 0, '2017-06-06 13:13:38', '2017-06-06 13:13:38'),
(28, '3', '300', 0, '2017-06-06 13:14:30', '2017-06-06 13:14:30'),
(29, '3', '300', 0, '2017-06-06 13:14:50', '2017-06-06 13:14:50'),
(30, '3', '300', 0, '2017-06-06 13:30:30', '2017-06-06 13:30:30'),
(31, '3', '300', 0, '2017-06-06 13:30:34', '2017-06-06 13:30:34'),
(32, '3', '300', 0, '2017-06-06 14:14:33', '2017-06-06 14:14:33'),
(33, '3', '300', 0, '2017-06-06 14:43:28', '2017-06-06 14:43:28'),
(34, '3', '300', 0, '2017-06-06 14:44:53', '2017-06-06 14:44:53'),
(35, '3', '300', 0, '2017-06-07 02:18:38', '2017-06-07 02:18:38'),
(36, '3', '300', 0, '2017-06-07 02:21:30', '2017-06-07 02:21:30'),
(37, '3', '300', 0, '2017-06-07 16:15:44', '2017-06-07 16:15:44'),
(38, '3', '300', 0, '2017-06-07 16:17:47', '2017-06-07 16:17:47'),
(39, '3', '300', 0, '2017-06-07 16:18:27', '2017-06-07 16:18:27'),
(40, '3', '300', 0, '2017-06-07 16:24:44', '2017-06-07 16:24:44'),
(41, '3', '300', 0, '2017-06-07 16:30:34', '2017-06-07 16:30:34'),
(42, '3', '300', 0, '2017-06-07 16:41:36', '2017-06-07 16:41:36'),
(43, '3', '300', 0, '2017-06-07 18:13:48', '2017-06-07 18:13:48'),
(44, '3', '300', 0, '2017-06-07 18:21:00', '2017-06-07 18:21:00'),
(45, '3', '300', 0, '2017-06-07 18:33:13', '2017-06-07 18:33:13'),
(46, '5', '10', 0, '2017-06-07 18:34:34', '2017-06-07 18:34:34'),
(47, '3', '300', 0, '2017-06-07 18:41:21', '2017-06-07 18:41:21'),
(48, '5', '10', 0, '2017-06-07 18:41:42', '2017-06-07 18:41:42'),
(49, '3', '300', 0, '2017-06-08 12:21:54', '2017-06-08 12:21:54'),
(50, '3', '300', 0, '2017-06-08 12:22:18', '2017-06-08 12:22:18'),
(51, '3', '300', 0, '2017-06-08 19:22:25', '2017-06-08 19:22:25'),
(52, '3', '300', 0, '2017-06-08 19:22:29', '2017-06-08 19:22:29'),
(53, '3', '300', 0, '2017-08-24 23:01:06', '2017-08-24 23:01:06'),
(54, '3', '10', 0, '2017-08-24 23:10:47', '2017-08-24 23:10:47'),
(55, '3', '10', 0, '2017-08-24 23:18:32', '2017-08-24 23:18:32'),
(56, '3', '300', 0, '2017-08-24 23:27:06', '2017-08-24 23:27:06'),
(57, '5', '10', 0, '2017-08-25 17:51:50', '2017-08-25 17:51:50'),
(58, '3', '300', 0, '2017-08-29 17:36:49', '2017-08-29 17:36:49'),
(59, '5', '5', 1, '2017-08-30 20:11:01', '2017-08-30 20:11:01'),
(60, '9', '15', 0, '2017-09-21 18:36:48', '2017-09-21 18:36:48'),
(61, '9', '15', 0, '2017-09-21 18:37:04', '2017-09-21 18:37:04'),
(62, '9', '15', 0, '2017-09-21 18:40:12', '2017-09-21 18:40:12'),
(63, '9', '10', 0, '2017-09-22 00:21:11', '2017-09-22 00:21:11'),
(64, '11', '300', 0, '2017-09-22 14:53:55', '2017-09-22 14:53:55'),
(65, '9', '300', 0, '2017-09-22 18:40:32', '2017-09-22 18:40:32'),
(66, '37', '300', 0, '2017-09-23 10:22:43', '2017-09-23 10:22:43'),
(67, '9', '300', 0, '2017-09-23 10:36:30', '2017-09-23 10:36:30'),
(68, '72', '300', 0, '2017-09-24 08:15:16', '2017-09-24 08:15:16'),
(69, '9', '300', 0, '2017-09-24 19:00:09', '2017-09-24 19:00:09'),
(70, '79', '150', 0, '2017-09-25 08:11:57', '2017-09-25 08:11:57'),
(71, '90', '300', 0, '2017-09-25 17:51:08', '2017-09-25 17:51:08'),
(72, '9', '10', 0, '2017-09-28 11:13:33', '2017-09-28 11:13:33'),
(73, '104', '50', 0, '2017-09-29 15:18:05', '2017-09-29 15:18:05'),
(74, '105', '300', 0, '2017-09-29 21:05:10', '2017-09-29 21:05:10'),
(75, '106', '100', 0, '2017-09-30 01:27:24', '2017-09-30 01:27:24'),
(76, '106', '100', 0, '2017-09-30 01:27:44', '2017-09-30 01:27:44'),
(77, '106', '100', 0, '2017-09-30 01:28:24', '2017-09-30 01:28:24'),
(78, '106', '100', 0, '2017-09-30 01:30:57', '2017-09-30 01:30:57'),
(79, '106', '100', 0, '2017-09-30 01:33:17', '2017-09-30 01:33:17'),
(80, '106', '100', 0, '2017-09-30 01:33:35', '2017-09-30 01:33:35'),
(81, '106', '100', 0, '2017-09-30 01:33:53', '2017-09-30 01:33:53'),
(82, '106', '100', 0, '2017-09-30 01:33:58', '2017-09-30 01:33:58'),
(83, '106', '100', 0, '2017-09-30 01:34:32', '2017-09-30 01:34:32'),
(84, '9', '300', 0, '2017-10-02 19:59:48', '2017-10-02 19:59:48'),
(85, '107', '72', 0, '2017-10-03 12:04:29', '2017-10-03 12:04:29'),
(86, '3', '300', 0, '2017-10-15 00:05:24', '2017-10-15 00:05:24'),
(87, '121', '50', 0, '2017-10-22 08:35:53', '2017-10-22 08:35:53'),
(88, '121', '100', 0, '2017-10-23 11:13:34', '2017-10-23 11:13:34'),
(89, '121', '90', 0, '2017-10-23 11:13:56', '2017-10-23 11:13:56'),
(90, '121', '90', 0, '2017-10-23 11:14:08', '2017-10-23 11:14:08'),
(91, '121', '90', 0, '2017-10-23 11:14:35', '2017-10-23 11:14:35'),
(92, '9', '300', 0, '2017-10-24 20:17:52', '2017-10-24 20:17:52'),
(93, '9', '300', 0, '2017-10-24 20:17:58', '2017-10-24 20:17:58'),
(94, '125', '300', 0, '2017-10-25 05:12:44', '2017-10-25 05:12:44');

-- --------------------------------------------------------

--
-- Структура таблицы `promocodes`
--

CREATE TABLE IF NOT EXISTS `promocodes` (
  `id` int(11) NOT NULL AUTO_INCREMENT,
  `code` varchar(256) NOT NULL,
  `count` int(255) NOT NULL,
  `price` int(255) NOT NULL,
  `created_at` timestamp NOT NULL DEFAULT CURRENT_TIMESTAMP ON UPDATE CURRENT_TIMESTAMP,
  `updated_at` timestamp NOT NULL DEFAULT '0000-00-00 00:00:00',
  PRIMARY KEY (`id`)
) ENGINE=InnoDB  DEFAULT CHARSET=utf8 AUTO_INCREMENT=4 ;

--
-- Дамп данных таблицы `promocodes`
--

INSERT INTO `promocodes` (`id`, `code`, `count`, `price`, `created_at`, `updated_at`) VALUES
(1, 'FREE', 0, 100, '2017-05-13 16:20:25', '2017-05-13 16:21:30'),
(2, 'FreeKeys', 0, 50, '2017-09-26 18:11:21', '2017-09-26 18:11:21'),
(3, 'eternal', 0, 50, '2017-09-23 10:19:37', '2017-09-23 10:19:37');

-- --------------------------------------------------------

--
-- Структура таблицы `promocode_use`
--

CREATE TABLE IF NOT EXISTS `promocode_use` (
  `id` int(11) NOT NULL AUTO_INCREMENT,
  `user_id` int(255) NOT NULL,
  `code_id` int(255) NOT NULL,
  `created_at` timestamp NOT NULL DEFAULT CURRENT_TIMESTAMP ON UPDATE CURRENT_TIMESTAMP,
  `updated_at` timestamp NOT NULL DEFAULT '0000-00-00 00:00:00',
  PRIMARY KEY (`id`)
) ENGINE=InnoDB  DEFAULT CHARSET=utf8 AUTO_INCREMENT=71 ;

--
-- Дамп данных таблицы `promocode_use`
--

INSERT INTO `promocode_use` (`id`, `user_id`, `code_id`, `created_at`, `updated_at`) VALUES
(1, 15, 2, '2017-09-23 07:18:29', '2017-09-23 07:18:29'),
(2, 16, 2, '2017-09-23 07:30:25', '2017-09-23 07:30:25'),
(3, 19, 2, '2017-09-23 08:41:03', '2017-09-23 08:41:03'),
(4, 20, 2, '2017-09-23 09:04:37', '2017-09-23 09:04:37'),
(5, 21, 2, '2017-09-23 09:10:10', '2017-09-23 09:10:10'),
(6, 19, 3, '2017-09-23 09:24:47', '2017-09-23 09:24:47'),
(7, 22, 2, '2017-09-23 09:27:33', '2017-09-23 09:27:33'),
(8, 23, 3, '2017-09-23 09:29:39', '2017-09-23 09:29:39'),
(9, 23, 2, '2017-09-23 09:30:06', '2017-09-23 09:30:06'),
(10, 24, 3, '2017-09-23 09:33:51', '2017-09-23 09:33:51'),
(11, 24, 2, '2017-09-23 09:33:59', '2017-09-23 09:33:59'),
(12, 25, 3, '2017-09-23 09:37:09', '2017-09-23 09:37:09'),
(13, 25, 2, '2017-09-23 09:37:15', '2017-09-23 09:37:15'),
(14, 26, 2, '2017-09-23 09:43:21', '2017-09-23 09:43:21'),
(15, 26, 3, '2017-09-23 09:43:26', '2017-09-23 09:43:26'),
(16, 27, 2, '2017-09-23 09:46:54', '2017-09-23 09:46:54'),
(17, 27, 3, '2017-09-23 09:46:57', '2017-09-23 09:46:57'),
(18, 28, 3, '2017-09-23 09:50:25', '2017-09-23 09:50:25'),
(19, 28, 2, '2017-09-23 09:50:30', '2017-09-23 09:50:30'),
(20, 31, 2, '2017-09-23 10:01:35', '2017-09-23 10:01:35'),
(21, 31, 3, '2017-09-23 10:01:40', '2017-09-23 10:01:40'),
(22, 30, 2, '2017-09-23 10:02:16', '2017-09-23 10:02:16'),
(23, 32, 3, '2017-09-23 10:05:02', '2017-09-23 10:05:02'),
(24, 32, 2, '2017-09-23 10:05:06', '2017-09-23 10:05:06'),
(25, 33, 2, '2017-09-23 10:12:11', '2017-09-23 10:12:11'),
(26, 34, 2, '2017-09-23 10:14:42', '2017-09-23 10:14:42'),
(27, 36, 2, '2017-09-23 10:15:22', '2017-09-23 10:15:22'),
(28, 35, 2, '2017-09-23 10:15:49', '2017-09-23 10:15:49'),
(29, 37, 2, '2017-09-23 10:17:27', '2017-09-23 10:17:27'),
(30, 39, 2, '2017-09-23 10:19:04', '2017-09-23 10:19:04'),
(31, 41, 2, '2017-09-23 10:19:31', '2017-09-23 10:19:31'),
(32, 41, 3, '2017-09-23 10:19:37', '2017-09-23 10:19:37'),
(33, 40, 2, '2017-09-23 10:20:03', '2017-09-23 10:20:03'),
(34, 38, 2, '2017-09-23 10:20:14', '2017-09-23 10:20:14'),
(35, 42, 2, '2017-09-23 10:22:39', '2017-09-23 10:22:39'),
(36, 43, 2, '2017-09-23 10:27:07', '2017-09-23 10:27:07'),
(37, 44, 2, '2017-09-23 10:28:54', '2017-09-23 10:28:54'),
(38, 45, 2, '2017-09-23 10:31:25', '2017-09-23 10:31:25'),
(39, 46, 2, '2017-09-23 10:32:55', '2017-09-23 10:32:55'),
(40, 47, 2, '2017-09-23 10:45:29', '2017-09-23 10:45:29'),
(41, 48, 2, '2017-09-23 10:48:42', '2017-09-23 10:48:42'),
(42, 49, 2, '2017-09-23 10:50:09', '2017-09-23 10:50:09'),
(43, 50, 2, '2017-09-23 10:54:59', '2017-09-23 10:54:59'),
(44, 51, 2, '2017-09-23 10:58:24', '2017-09-23 10:58:24'),
(45, 52, 2, '2017-09-23 11:06:47', '2017-09-23 11:06:47'),
(46, 53, 2, '2017-09-23 11:09:14', '2017-09-23 11:09:14'),
(47, 54, 2, '2017-09-23 11:10:49', '2017-09-23 11:10:49'),
(48, 55, 2, '2017-09-23 11:18:23', '2017-09-23 11:18:23'),
(49, 56, 2, '2017-09-23 11:24:34', '2017-09-23 11:24:34'),
(50, 57, 2, '2017-09-23 11:30:01', '2017-09-23 11:30:01'),
(51, 11, 2, '2017-09-23 11:33:31', '2017-09-23 11:33:31'),
(52, 58, 2, '2017-09-23 12:14:05', '2017-09-23 12:14:05'),
(53, 60, 2, '2017-09-23 12:56:16', '2017-09-23 12:56:16'),
(54, 61, 2, '2017-09-23 13:08:05', '2017-09-23 13:08:05'),
(55, 62, 2, '2017-09-23 13:13:22', '2017-09-23 13:13:22'),
(56, 65, 2, '2017-09-23 16:15:13', '2017-09-23 16:15:13'),
(57, 66, 2, '2017-09-23 16:16:21', '2017-09-23 16:16:21'),
(58, 64, 2, '2017-09-23 17:12:54', '2017-09-23 17:12:54'),
(59, 68, 2, '2017-09-23 19:22:23', '2017-09-23 19:22:23'),
(60, 70, 2, '2017-09-24 06:18:45', '2017-09-24 06:18:45'),
(61, 91, 2, '2017-09-25 19:49:54', '2017-09-25 19:49:54'),
(62, 93, 2, '2017-09-26 09:17:20', '2017-09-26 09:17:20'),
(63, 94, 2, '2017-09-26 09:34:05', '2017-09-26 09:34:05'),
(64, 96, 2, '2017-09-26 12:29:30', '2017-09-26 12:29:30'),
(65, 97, 2, '2017-09-26 12:32:30', '2017-09-26 12:32:30'),
(66, 98, 2, '2017-09-26 16:30:12', '2017-09-26 16:30:12'),
(67, 99, 2, '2017-09-26 17:41:02', '2017-09-26 17:41:02'),
(68, 100, 2, '2017-09-26 17:57:08', '2017-09-26 17:57:08'),
(69, 101, 2, '2017-09-26 18:07:13', '2017-09-26 18:07:13'),
(70, 102, 2, '2017-09-26 18:11:21', '2017-09-26 18:11:21');

-- --------------------------------------------------------

--
-- Структура таблицы `users`
--

CREATE TABLE IF NOT EXISTS `users` (
  `id` int(11) NOT NULL AUTO_INCREMENT,
  `name` varchar(256) NOT NULL,
  `avatar` varchar(256) NOT NULL,
  `user_id` varchar(256) NOT NULL,
  `balance` int(255) NOT NULL DEFAULT '0',
  `open_box` int(255) NOT NULL DEFAULT '0',
  `open_sum` int(255) NOT NULL DEFAULT '0',
  `affiliate_code` varchar(256) DEFAULT NULL,
  `affiliate_use` varchar(256) DEFAULT NULL,
  `affiliate_profit` int(255) NOT NULL DEFAULT '0',
  `role` varchar(256) NOT NULL DEFAULT 'user',
  `remember_token` text,
  `created_at` timestamp NOT NULL DEFAULT CURRENT_TIMESTAMP ON UPDATE CURRENT_TIMESTAMP,
  `updated_at` timestamp NOT NULL DEFAULT '0000-00-00 00:00:00',
  PRIMARY KEY (`id`)
) ENGINE=InnoDB  DEFAULT CHARSET=utf8 AUTO_INCREMENT=127 ;

--
-- Дамп данных таблицы `users`
--

INSERT INTO `users` (`id`, `name`, `avatar`, `user_id`, `balance`, `open_box`, `open_sum`, `affiliate_code`, `affiliate_use`, `affiliate_profit`, `role`, `remember_token`, `created_at`, `updated_at`) VALUES
(1, 'Соболь Антон', 'https://pp.userapi.com/c629521/v629521692/595df/mDHt_JClOaY.jpg', '327272692', 0, 0, 0, '83487', '1846', 0, 'user', '5f1nqRZCivsJF52akZERCOC1ewkEkmlhDbNA4Gm3rM6rihhBfJ0lW9a8uheI', '2017-06-04 17:12:46', '2017-05-13 11:07:56'),
(2, 'ToXaHo', 'https://steamcdn-a.akamaihd.net/steamcommunity/public/images/avatars/3d/3d688204b6141496412c9bdb0053bc706a6b396d_full.jpg', '76561198320695562', 0, 0, 0, '1846', '83487', 0, 'user', 'uolaSPWa9Gy0M4UYIIPwhqLTC0ksUEcLx2Y1NtST86Uo69QCJ6tdxF7PaEpt', '2017-09-21 19:08:14', '2017-09-21 19:08:14'),
(3, 'Шоть Антон', 'https://pp.userapi.com/c639520/v639520525/361c3/f1XcktVPqQ4.jpg', '31414525', 0, 0, 0, '88658', 'page', 0, 'user', '2l58AZlcwQYRZ9zc2nqhkcYz2APW8CgaWWuY2uo4TJ9nNHl9CgzZWdeNRXmA', '2017-10-15 00:05:09', '2017-10-15 00:05:09'),
(4, 'Попов Владислав', 'https://pp.userapi.com/c631924/v631924653/30b34/2LMEc8rNHvI.jpg', '176957653', 0, 0, 0, '11788', NULL, 0, 'user', '6uEQQxiyS430bL5ebkJL8lBQpHP94uHj3W4T2FTHVX0MjUHv0A57b51AlNcn', '2017-06-07 18:33:24', '2017-06-07 18:33:24'),
(5, 'Попов Владислав', 'https://pp.userapi.com/c636227/v636227309/40030/vJ0OruBrUHs.jpg', '115948309', 0, 0, 0, '92297', NULL, 0, 'user', 'tahTCoRJC5VZLwSDokLkenZa28tE7zli38V2v2e97Kpp4teB2G5FpsZrZku6', '2017-09-21 19:08:47', '2017-09-21 19:08:47'),
(6, 'Зотов Никита', 'https://pp.userapi.com/c841320/v841320222/1d334/Ej9szzARIBs.jpg', '233006157', 0, 0, 0, '17271', NULL, 0, 'user', 'yWWvF1VjQpAMT5viZ0gMc4mPxpz9if70yWsmm9HAXGpfPgexwtXf5PWc70vc', '2017-09-28 07:14:10', '2017-09-28 07:14:10'),
(7, 'Пингвин Саня', 'https://pp.userapi.com/c626431/v626431837/2e656/l90Nl4FyZZs.jpg', '251035837', 0, 2, 0, '60329', NULL, 0, 'youtuber', 'pl1fWWYDPDQSWALr15ONr9638MDV293LzYmnYCNx2I78JKjMxGVKW8bfpFie', '2017-10-24 20:33:46', '2017-10-24 20:33:46'),
(8, 'Веточка [GameBoy]', 'https://steamcdn-a.akamaihd.net/steamcommunity/public/images/avatars/62/62378baf56a9ecbe360171cb5adc54b2821776f0_full.jpg', '76561198353378441', 0, 0, 0, '4436', NULL, 0, 'user', 'Bfk08cQ9vE9vS6J3DKBN0a58RHLaD621wBb6fJ87ri4gBOoSbyN4NzgzWe8V', '2017-08-25 17:56:56', '2017-08-25 17:56:52'),
(9, 'Маева Лина', 'https://pp.userapi.com/c637327/v637327435/35d33/wT5lJzuM0Uw.jpg', '265176435', 0, 1, 0, '90974', 'page', 0, 'admin', 'u5eMXhey5ly0DAfdV9G1lFrXb4TYkrj8W2XXzZ382nEBOp8n85DZhtySj55m', '2017-10-25 22:12:15', '2017-10-25 22:12:15'),
(10, 'Mark Paint', 'https://pp.userapi.com/c620116/v620116746/22d4a/FULnnX7V4kM.jpg', '251736746', 0, 0, 0, '29652', NULL, 0, 'admin', '1X5beT7fNZvHGx06apTdYUTxm6usPbsO1FfyPdV6OqvtNKays9Wj7aYzJHmd', '2017-09-23 05:50:02', '2017-09-23 05:50:02'),
(11, 'Васька не денди', 'https://pp.userapi.com/c837527/v837527323/3b388/G-u7xmO86Wk.jpg', '332827323', 0, 1, 0, '82357', NULL, 0, 'admin', 'mECT9KrsBysw3ECMPEqUmBa8gkV86E2vqqjVxqCx0TdYfCrHy36DBjb356ch', '2017-10-20 09:21:42', '2017-10-20 09:21:42'),
(12, 'Рубцов Максим', 'https://pp.userapi.com/c837537/v837537020/61ead/lH-mvpaXApo.jpg', '415910661', 0, 0, 0, '94865', NULL, 0, 'user', '475lexYO5mjMRbfhNzbGuHAAaFrikiVCdN61OiZsDinM3mHa4Ti6QA8lZwC5', '2017-09-22 06:33:47', '2017-09-22 06:33:47'),
(13, 'Горбатиков Даниил', 'https://pp.userapi.com/c637917/v637917865/f284c/FMdtOo9gKeE.jpg', '231585865', 0, 0, 0, '80078', NULL, 0, 'user', 'mA0qHCfFkZdgRHIF1tJPN09BZy3P0UinM36FgEHNocW2xyNC2hkm0zFviYmo', '2017-09-22 07:21:54', '2017-09-22 07:21:54'),
(14, 'Таран Игорь', 'https://pp.userapi.com/c836428/v836428063/3831d/Q2Eyrwvhei4.jpg', '248811063', 0, 0, 0, '36280', NULL, 0, 'user', 'q9g01ZctB6RFIQO5mnPbuzLmWvC2R4ssuPzI50UHlR7PoBmXuCKlPDZlvyB4', '2017-09-22 18:39:10', '2017-09-22 18:39:10'),
(15, 'Нет Паша', 'https://pp.userapi.com/c638228/v638228822/61fb7/sRq6CEnrT9k.jpg', '442359344', 0, 1, 0, '87546', NULL, 0, 'user', 'BZW6QtU2Cwc21Hu3HGjydGixY7NOfIWJZSaNgis2dZ9DQx9xKCatqjKiShMs', '2017-09-23 07:29:43', '2017-09-23 07:18:41'),
(16, 'Гаврилкин Киря', 'https://pp.userapi.com/c836121/v836121374/688e9/Bb-pYfZ7tJc.jpg', '429767170', 0, 1, 0, '92644', 'page', 0, 'user', 'YQWRh9rgev1sC20fhwSVTBiI2KZCkf0FsloKFHVSRhxdk8HV78OujiU2dkZ7', '2017-09-23 07:30:35', '2017-09-23 07:30:35'),
(17, 'Простой', 'https://steamcdn-a.akamaihd.net/steamcommunity/public/images/avatars/86/86e1906aa52e0fed07008f174fb7dbf6812b01c2_full.jpg', '76561198282817157', 0, 0, 0, '9097', NULL, 0, 'user', 'Rp0Gf6lpQYM7E7E0NU1QtJw1wXlQLsmXDFUtMd2ZbBVc6NAIziokB7mmdNJh', '2017-09-23 08:10:08', '2017-09-23 08:10:08'),
(18, 'Трофимов Максим', 'https://pp.userapi.com/c840235/v840235395/19cb3/2TpHmox17hs.jpg', '421682330', 0, 0, 0, '66400', NULL, 0, 'user', 'OmuNCPDkwdximP4xAkWkkBx4AecgFY7SmzxjN9BCXkvKy9v9StYNYR0kHxYS', '2017-09-23 08:32:47', '2017-09-23 08:32:47'),
(19, '伝説', 'https://steamcdn-a.akamaihd.net/steamcommunity/public/images/avatars/88/8870c1f0a713218a90eed9ae4f708b583ee68f14_full.jpg', '76561198318700389', 0, 2, 0, '5570', 'page', 0, 'user', 'PHRuikfXaljXdij83avqVkpgcoPAdV73P0AwxXQq91HYZPUcNAVmfC9rmoqK', '2017-09-23 16:13:53', '2017-09-23 13:15:35'),
(20, 'Бакунович Владислав', 'https://pp.userapi.com/c836733/v836733216/85f04/i7gpa1lQCsY.jpg', '165253965', 0, 1, 0, '54183', NULL, 0, 'user', 'WQY99xX72IEsNBSdrDepEKSw1oYbIWTfkz12XYN2bSJ7bLmrhzbXgwc7lHJR', '2017-09-23 09:06:10', '2017-09-23 09:04:53'),
(21, 'Грац Дмитрий', 'https://pp.userapi.com/c836121/v836121387/4f4a2/OyiXtSXQOJo.jpg', '421472976', 0, 1, 0, '61533', 'page', 0, 'user', 'xE3zwMXoYW0dquyv2fDrquqMDKw69srH0rWdsGyX2nibcNuzEw7iylKKM5nx', '2017-09-23 09:11:15', '2017-09-23 09:10:24'),
(22, 'Влад Шустрый', 'https://steamcdn-a.akamaihd.net/steamcommunity/public/images/avatars/8c/8c4929d928bb4a1c94fd5def20aebca1e645c27f_full.jpg', '76561198165235496', 0, 1, 0, '2598', NULL, 0, 'user', 'jnCPOxxxBulL3MyIG5K7q9rJ3PW8oahBbjKiKL5RHPOYG3HNwtgxX0lnD0Fj', '2017-09-23 10:11:53', '2017-09-23 09:27:39'),
(23, 'Кривогуб Виталий', 'https://pp.userapi.com/c639617/v639617830/4028b/eoDBPPbZFps.jpg', '271695664', 31, 1, 0, '42273', 'page', 0, 'user', 'tk70WRDllI9iw7XAPfqawsEEY9tjYosdkXYcdEFrCuoV8WzXzwMUJP3ZWLkn', '2017-09-23 09:31:49', '2017-09-23 09:30:47'),
(24, 'ultraviolet', 'https://steamcdn-a.akamaihd.net/steamcommunity/public/images/avatars/70/70291e81690328ca8570b92578f6dad3af320a7b_full.jpg', '76561198333504057', 31, 1, 0, '2446', 'page', 0, 'user', 'FgJgbU6zEEfHzBnZc5pNOTOHYqEa7mbH2qXxrNYXQT3rnnYye0OJM9kHOeuf', '2017-09-23 09:36:37', '2017-09-23 09:35:53'),
(25, 'makaka', 'https://steamcdn-a.akamaihd.net/steamcommunity/public/images/avatars/fe/fef49e7fa7e1997310d705b2a6158ff8dc1cdfeb_full.jpg', '76561198424246327', 0, 2, 0, '8145', 'page', 0, 'user', 'XxiEofnsVcJMoQykHCHdXvekUaxckWOH8nbAxUUbwBKCVv4rJSUjSVzjHAYq', '2017-09-23 09:38:48', '2017-09-23 09:38:28'),
(26, 'contlexxgame1', 'https://steamcdn-a.akamaihd.net/steamcommunity/public/images/avatars/fe/fef49e7fa7e1997310d705b2a6158ff8dc1cdfeb_full.jpg', '76561198425586103', 0, 2, 0, '2338', 'page', 0, 'user', 'ot0S2iUnHMtYBseuM9Dj4nmK9JlIZ6jQ1aUlKr1XY6o0Rg31rjtr1ldXMAyk', '2017-09-23 09:46:33', '2017-09-23 09:46:17'),
(27, 'krivogub.s1', 'https://steamcdn-a.akamaihd.net/steamcommunity/public/images/avatars/fe/fef49e7fa7e1997310d705b2a6158ff8dc1cdfeb_full.jpg', '76561198424752872', 0, 2, 0, '8250', 'page', 0, 'user', '0w6rAUBJvYpUkRvY33fMe2iPtuVpvwkKGLR7PDDLmCEzjmEVaondEAqAHrIN', '2017-09-23 10:00:59', '2017-09-23 10:00:54'),
(28, 'novikov1501031', 'https://steamcdn-a.akamaihd.net/steamcommunity/public/images/avatars/fe/fef49e7fa7e1997310d705b2a6158ff8dc1cdfeb_full.jpg', '76561198425427011', 0, 2, 0, '3722', 'page', 0, 'user', 'vtCa5aTvXhgKqD5w4JnnCWVjB3c60qtwOCkbPoiOxguBxszr3LsC0kFAin3v', '2017-09-23 09:59:56', '2017-09-23 09:50:56'),
(29, 'Лодин Дима', 'https://pp.userapi.com/c629109/v629109764/3205c/Tg72tixDaYY.jpg', '171868764', 0, 0, 0, '96637', NULL, 0, 'user', '0QtR425oq4VZaJa2hmfhVZpiHhJig9vWcFjIuNFUYTBDUxeEfWA85ed2wVPQ', '2017-09-23 09:57:02', '2017-09-23 09:56:06'),
(30, 'Сейткадыр Абылхайыр', 'https://pp.userapi.com/c618230/v618230782/1d397/0gSuKE-PTNE.jpg', '265061782', 0, 1, 0, '64285', NULL, 0, 'user', 'fI6sdCorpBQL8jOqdYNOnDWy7TQFMMQKW8iu0CHKewJBWPkYureOf1K3CmpE', '2017-09-29 15:59:09', '2017-09-29 15:59:09'),
(31, 'krivogub.s11', 'https://steamcdn-a.akamaihd.net/steamcommunity/public/images/avatars/fe/fef49e7fa7e1997310d705b2a6158ff8dc1cdfeb_full.jpg', '76561198424584770', 0, 2, 0, '5808', 'page', 0, 'user', 'uW2bk91ypMSbFzXwb2xQQJvTRWwuBAq3Hs4lnhTCpCeiQB9NHTSjTwV2ImBQ', '2017-09-23 10:04:31', '2017-09-23 10:04:25'),
(32, 'contlexxga1', 'https://steamcdn-a.akamaihd.net/steamcommunity/public/images/avatars/fe/fef49e7fa7e1997310d705b2a6158ff8dc1cdfeb_full.jpg', '76561198425325824', 0, 2, 0, '7759', 'page', 0, 'user', 'bSZ4pFNgt476VqmrBN0UcFvYlOr2JYnasoCX9CuwxCWkqXIA2D1hqv5CSQMb', '2017-09-23 10:06:26', '2017-09-23 10:05:36'),
(33, 'Мироедов Владислав', 'https://pp.userapi.com/c638727/v638727917/4ec86/iNYpAewN21c.jpg', '274269356', 0, 1, 0, '76530', 'page', 0, 'user', 'V2I71CoRzzbz7xEb353JFNGAJKqujsgrWvzGj7pozuelHBAT3Ec8uOtcoho3', '2017-09-23 10:16:11', '2017-09-23 10:15:43'),
(34, 'BeaSt ◕__◕', 'https://steamcdn-a.akamaihd.net/steamcommunity/public/images/avatars/c3/c3a51fa7e1163d081850f1e3b1666d084ca1d829_full.jpg', '76561198391419294', 0, 1, 0, '9885', NULL, 0, 'user', 'vCYn3Vjst1Ge3z2EdnxZwzHdX3hJpijImMr8VlNeP2RGdKIAZnNB3AEymZde', '2017-09-23 10:18:38', '2017-09-23 10:15:01'),
(35, 'Traser', 'https://steamcdn-a.akamaihd.net/steamcommunity/public/images/avatars/4d/4d9fff4f69943ced620fb7cc187e936e7d59654b_full.jpg', '76561198391018238', 0, 1, 0, '9061', NULL, 0, 'user', 'hOVkv1dMn7Dpm4YrHNDMHzP5SN04a742vddGtCohzjqP9HO5DNSiLjUWXGoY', '2017-09-23 10:19:13', '2017-09-23 10:16:28'),
(36, 'seitkadyr10', 'https://steamcdn-a.akamaihd.net/steamcommunity/public/images/avatars/fe/fef49e7fa7e1997310d705b2a6158ff8dc1cdfeb_full.jpg', '76561198373416601', 0, 1, 0, '0256', NULL, 0, 'user', 'yRHWSrOVCBHUFFKwVdfDoDky8jrSqoMjHWh0Bp9DhK9n2HXv1jqFwdAgWrmQ', '2017-09-29 15:58:49', '2017-09-27 15:12:46'),
(37, 'Эдуардов Шиморчик', 'https://pp.userapi.com/c633616/v633616267/26970/n1NuKBcXKV0.jpg', '360572267', 0, 1, 0, '94744', 'page', 0, 'user', 'FX6v0hu7664q3kmaIK1X98eFyBWdg9wnD9X0GsbBCvNTq1A5DLQ4Eegh1usa', '2017-09-23 10:21:00', '2017-09-23 10:21:00'),
(38, 'Курбатов Никита', 'https://pp.userapi.com/c836524/v836524760/38196/BOKVSWFChXE.jpg', '370115760', 0, 1, 0, '15228', 'page', 0, 'user', 'AnOLs5ZOfqozVJl4rhLhvEjl9dHK2kakMpxNTf6GkuVd6F2rRIuls3HFRI6K', '2017-09-23 10:28:06', '2017-09-23 10:21:21'),
(39, 'Амурский Афанасий', 'https://pp.userapi.com/c639527/v639527805/43104/GQK3g8TFK-8.jpg', '435156953', 0, 1, 0, '68189', 'page', 0, 'user', 'x1WuzKJllZmj7wCkPVJvQeHt7PyDfzhfcpVxtHsCjKHZzlCuCEhjR4ssV4Hr', '2017-09-23 10:20:00', '2017-09-23 10:19:15'),
(40, 'Курбатов Паша', 'https://vk.com/images/camera_200.png', '395842758', 0, 1, 0, '67670', 'page', 0, 'user', '17UkLwS9Uzrk5TH6F4rXLpyhqdelFuIv5tk5YpsSXhu9GRA3L4GLAJR1TF82', '2017-09-23 10:20:34', '2017-09-23 10:20:34'),
(41, 'TeamPlayer''s.contlexx', 'https://steamcdn-a.akamaihd.net/steamcommunity/public/images/avatars/a5/a52d2d6b048b809de8c1c7e13b43ab32e59b9d65_full.jpg', '76561198155069995', 0, 2, 0, '9960', 'page', 0, 'user', 'rehGBb4HtvjYd4rD2TkISdIcv2OAmtK50fOuPRhN3jHCFId54SHLsKILFDM7', '2017-09-23 10:22:21', '2017-09-23 10:19:56'),
(42, 'line', 'https://steamcdn-a.akamaihd.net/steamcommunity/public/images/avatars/57/57ecbca2d3597fcdaa0279d1bb9c786fad495ef4_full.jpg', '76561198135282430', 0, 1, 0, '9307', 'page', 0, 'user', 'OJhiu5V5FyHqOExNu89ZWmxYgpMOG2ktOpTmMdJJy6jFDz9kaKAXplvRgH5Z', '2017-09-23 10:24:17', '2017-09-23 10:23:04'),
(43, 'Do''Rs.Radik', 'https://steamcdn-a.akamaihd.net/steamcommunity/public/images/avatars/40/40560b94994cd8afabeeca815086c827e53cf37b_full.jpg', '76561198169025406', 0, 1, 0, '9094', 'page', 0, 'user', 'kAtc3TB3KQkDSAzZ7nf9hA5KYNEX9xMPQTVk8E1h1fOKxzQHg891FegxY2Tg', '2017-09-23 10:28:19', '2017-09-23 10:27:44'),
(44, 'qsasdas', 'https://steamcdn-a.akamaihd.net/steamcommunity/public/images/avatars/fe/fef49e7fa7e1997310d705b2a6158ff8dc1cdfeb_full.jpg', '76561198425405040', 0, 1, 0, '1406', 'page', 0, 'user', 'EY37jnuacpmO0Fq5fzUoX3ReXsMcg6SwPNy9lp2DFyUeXdu4y82mKfJPN4jT', '2017-09-23 10:29:07', '2017-09-23 10:29:07'),
(45, 'W-w-w.Winless', 'https://steamcdn-a.akamaihd.net/steamcommunity/public/images/avatars/be/be47ca81fbb45b69c0e4bd3eb450ef5b50a503f5_full.jpg', '76561198213946043', 0, 1, 0, '4576', 'page', 0, 'user', 'NVTbRCORxnzz0v3Ofvdnbv07FgXqBJtEhsRxAlBq1WuMwkDN1mRHGER8gGxn', '2017-09-23 10:31:56', '2017-09-23 10:31:36'),
(46, 'seitkadyr8', 'https://steamcdn-a.akamaihd.net/steamcommunity/public/images/avatars/fe/fef49e7fa7e1997310d705b2a6158ff8dc1cdfeb_full.jpg', '76561198425511875', 0, 1, 0, '7134', 'page', 0, 'user', 'iA5R84jC1TCCct0eoRLpAsGm9YB8kVlH6GHXoRLG9eP9dWpl1uelUdz1fIpb', '2017-09-23 10:42:19', '2017-09-23 10:33:09'),
(47, 'seitkadyr8', 'https://steamcdn-a.akamaihd.net/steamcommunity/public/images/avatars/fe/fef49e7fa7e1997310d705b2a6158ff8dc1cdfeb_full.jpg', '76561198425246091', 0, 1, 0, '8393', 'page', 0, 'user', 'zd84vIz3BTU3qqoICau6XT2F43ylT0LCnGPtF4DrcvECj7nuCMpnofmLYo0i', '2017-09-23 10:47:58', '2017-09-23 10:46:03'),
(48, 'mina.williams', 'https://steamcdn-a.akamaihd.net/steamcommunity/public/images/avatars/fe/fef49e7fa7e1997310d705b2a6158ff8dc1cdfeb_full.jpg', '76561198323878033', 0, 1, 0, '2461', 'page', 0, 'user', 'Igw4niIzYjnqrfDHbc9ue6CyAlM7nj8RtDOQzuxpabwre2TjnlaZyvv39HDn', '2017-09-23 10:49:21', '2017-09-23 10:48:51'),
(49, 'coreybousquet', 'https://steamcdn-a.akamaihd.net/steamcommunity/public/images/avatars/fe/fef49e7fa7e1997310d705b2a6158ff8dc1cdfeb_full.jpg', '76561198062060564', 0, 1, 0, '8438', 'page', 0, 'user', 'n7xAKhjXWo4lhE2hnHPVtrWHDtTbFCnyl7RiwdiPx2CzL5BVxGqjPL8p8045', '2017-09-23 10:50:47', '2017-09-23 10:50:20'),
(50, 'seitkadyr8', 'https://steamcdn-a.akamaihd.net/steamcommunity/public/images/avatars/fe/fef49e7fa7e1997310d705b2a6158ff8dc1cdfeb_full.jpg', '76561198425498370', 0, 1, 0, '3579', 'page', 0, 'user', 'mZivZqqQPBrHZhQuD0rw3l9O1NNGPExsYmWTekFySRCoFxtmFpVQejqByXt7', '2017-09-23 10:57:45', '2017-09-23 10:55:08'),
(51, 'seitkadyr8', 'https://steamcdn-a.akamaihd.net/steamcommunity/public/images/avatars/fe/fef49e7fa7e1997310d705b2a6158ff8dc1cdfeb_full.jpg', '76561198426164245', 0, 1, 0, '6473', 'page', 0, 'user', 'eU98vcSNPQgt1O1o1c6aHb3dX7jnGQDpvxo3i9aS77RpMYu9zirridEGmIBK', '2017-09-23 10:59:12', '2017-09-23 10:58:36'),
(52, 'ПОМЕДОР', 'https://steamcdn-a.akamaihd.net/steamcommunity/public/images/avatars/d1/d14f87e97ac82ecddc45d87ea816c4cc13a5f14e_full.jpg', '76561198168149305', 0, 1, 0, '9086', NULL, 0, 'user', '6EpYOkGHlVXKKpey2w4VLSeA4X41aKZYafIOtDqcgvZdKDneK8WZAx595Twb', '2017-09-23 11:07:00', '2017-09-23 11:07:00'),
(53, 'seitkadyr8', 'https://steamcdn-a.akamaihd.net/steamcommunity/public/images/avatars/fe/fef49e7fa7e1997310d705b2a6158ff8dc1cdfeb_full.jpg', '76561198428460619', 0, 1, 0, '9823', 'page', 0, 'user', 'egIfk2Qe9SzByGZ8byemq0WVLPBnQWlOnMZXkv8SqfFgEZri3b6PNYuc9PeU', '2017-09-23 11:13:00', '2017-09-23 11:11:41'),
(54, 'PearlBrawler', 'https://steamcdn-a.akamaihd.net/steamcommunity/public/images/avatars/0d/0dccff390076b958cbf1a1cf19e5fedb00d41b09_full.jpg', '76561198240828058', 0, 1, 0, '9228', NULL, 0, 'user', '8KONOVpE8u8KpJPBdI1zcYSFdaeJixf9MPq1lZ7krtYUBYSZf6PyOtS1Uqby', '2017-09-23 11:11:55', '2017-09-23 11:11:13'),
(55, 'VJ Костя', 'https://steamcdn-a.akamaihd.net/steamcommunity/public/images/avatars/80/80922293a29760c9ba58248f24a6c6807bd60d82_full.jpg', '76561198128868641', 0, 1, 0, '2031', NULL, 0, 'user', 'wzp4hJTdiwj2gLK18SAYO0puEgI6awOQkCKvhJ5v8mz8urkyKh7bMPi5IsYL', '2017-09-23 11:18:30', '2017-09-23 11:18:30'),
(56, 'паровозик', 'https://steamcdn-a.akamaihd.net/steamcommunity/public/images/avatars/fe/fef49e7fa7e1997310d705b2a6158ff8dc1cdfeb_full.jpg', '76561198409258370', 0, 1, 0, '2555', 'page', 0, 'user', 'O4ckEdKK41zivZBsB9H54aEHmyIXwqQJOTMGjSo7ts3tECylMvs1PGoqQROM', '2017-09-23 11:24:56', '2017-09-23 11:24:56'),
(57, 'seitkadyr8', 'https://steamcdn-a.akamaihd.net/steamcommunity/public/images/avatars/fe/fef49e7fa7e1997310d705b2a6158ff8dc1cdfeb_full.jpg', '76561198424790465', 0, 1, 0, '6921', 'page', 0, 'user', 'aS82g5rLcqUOnVqGWbKKBcj0MXqG49mXgZOOZqgDGx0CXjIfsnqJeAdolAqn', '2017-09-23 12:07:38', '2017-09-23 11:31:14'),
(58, 'seitkadyr8', 'https://steamcdn-a.akamaihd.net/steamcommunity/public/images/avatars/fe/fef49e7fa7e1997310d705b2a6158ff8dc1cdfeb_full.jpg', '76561198425450448', 0, 1, 0, '7371', 'page', 0, 'user', '6EmYWimijhLC8RtjBYgtHbzlRBJvvm72Mub1nHKcDhZmv2xV13PKiWyrzkaE', '2017-09-25 17:33:17', '2017-09-23 12:14:35'),
(59, 'Кузнецов Игорь', 'https://pp.userapi.com/c639526/v639526686/4caee/oEHGpknhIhM.jpg', '339610252', 0, 0, 0, '68336', NULL, 0, 'user', 'QxeR6t5QmwW6RDQ2JOTEdKCz2zOivgCxWMx5szMX7phNp0KKCqo8JCXo3ppw', '2017-09-23 12:36:35', '2017-09-23 12:35:45'),
(60, 'contlexxgame2', 'https://steamcdn-a.akamaihd.net/steamcommunity/public/images/avatars/fe/fef49e7fa7e1997310d705b2a6158ff8dc1cdfeb_full.jpg', '76561198424785698', 0, 1, 0, '6150', NULL, 0, 'user', 'LuprQOiaNtJUKE224h23LiF44ycW6SzrTC0K7MLeRgczV0xg1EosiCbLXodm', '2017-09-23 13:01:00', '2017-09-23 12:56:41'),
(61, 'krivogub.s22', 'https://steamcdn-a.akamaihd.net/steamcommunity/public/images/avatars/fe/fef49e7fa7e1997310d705b2a6158ff8dc1cdfeb_full.jpg', '76561198425478531', 0, 1, 0, '1040', 'page', 0, 'user', 'YgcP982rj8vcyY6XsQXa2Ru0rr0lALQ2VA4I8HQBQ6r2UPR3bCX3VqqpyshR', '2017-09-23 13:12:15', '2017-09-23 13:08:21'),
(62, 'krivogub.s3', 'https://steamcdn-a.akamaihd.net/steamcommunity/public/images/avatars/fe/fef49e7fa7e1997310d705b2a6158ff8dc1cdfeb_full.jpg', '76561198425930810', 0, 1, 0, '3963', 'page', 0, 'user', 'YfC4pzPk8LQxDNe0RgHpIX0rD6QvBdja3arFMkYLKtkMQAud9dgQ1vjwUuz8', '2017-09-23 13:14:55', '2017-09-23 13:13:30'),
(63, 'kirya.dyakin.89', 'https://steamcdn-a.akamaihd.net/steamcommunity/public/images/avatars/fe/fef49e7fa7e1997310d705b2a6158ff8dc1cdfeb_full.jpg', '76561198418915185', 0, 0, 0, '7639', NULL, 0, 'user', 'eT8G7TItHtH9BSETNtvdaRizvl8wlv3zUVExNkHmFVjwKPSqYVXrxwb1yTNx', '2017-09-23 15:18:11', '2017-09-23 15:18:11'),
(64, 'Хабибуллин Адиль', 'https://vk.com/images/camera_200.png', '440702695', 0, 1, 0, '62369', NULL, 0, 'user', 'SYZ6xx5dSui3WL4zdZaIwwOkHQAlGN0h7C3O3FVaIt9Qk2owwRtCYh84Npml', '2017-09-24 06:50:49', '2017-09-24 06:50:49'),
(65, 'contlexxga22', 'https://steamcdn-a.akamaihd.net/steamcommunity/public/images/avatars/fe/fef49e7fa7e1997310d705b2a6158ff8dc1cdfeb_full.jpg', '76561198426290689', 0, 1, 0, '1887', NULL, 0, 'user', 'EqenIrZuY0WdIFR9m6nagfwf5Mb3p9VUEkq7Ys2XqTXSjgWThKzQDM7XbeZn', '2017-09-23 16:15:43', '2017-09-23 16:15:20'),
(66, 'PashaNiger', 'https://steamcdn-a.akamaihd.net/steamcommunity/public/images/avatars/70/7035bf380f4e00e68493b00a601cfb38a89a3eb1_full.jpg', '76561198379620146', 0, 1, 0, '2318', NULL, 0, 'user', '3HfJDLmSEPfNyeVQI2iQNvsR1TNcGyTSSWizJzXRFLi6AVoQfMr34GsSy2Ib', '2017-09-23 16:17:10', '2017-09-23 16:17:10'),
(67, 'HomerKeys.ru', 'https://steamcdn-a.akamaihd.net/steamcommunity/public/images/avatars/a4/a4210004555554ff45dc83bd8811664f542e1be6_full.jpg', '76561198135238071', 0, 0, 0, '5722', NULL, 0, 'user', 'ecrDl40MORIirRjC0DZEPOt7AmHo43xsH4GKYASo8FI5SsUuNA7r8RdTjyhu', '2017-09-23 18:12:42', '2017-09-23 18:12:32'),
(68, 'Мартыненко Дмитрий', 'https://pp.userapi.com/c841129/v841129089/1fb49/iKH8kUCm1b4.jpg', '292386653', 0, 1, 0, '49997', NULL, 0, 'user', '8pMIM6gqpMhH8HRcuek4NLjFs33CMDFpvES2I3i4WuGkMjQZq00t3ldycotF', '2017-09-23 19:22:34', '2017-09-23 19:22:34'),
(69, 'Солопенко Льоша', 'https://pp.userapi.com/c841032/v841032143/1a3cd/Jul3RQmJngI.jpg', '159610586', 0, 0, 0, '24872', NULL, 0, 'user', 'VlvCDBv5nKN6kQzmGmj56kFH5lTgXcVumSX7YNqSgzhZHNRnB0mIVXvGOJEW', '2017-09-23 19:21:26', '2017-09-23 19:21:26'),
(70, 'Сейткадыров Алихан', 'https://pp.userapi.com/c639122/v639122797/3fad7/frVEyqHqkdU.jpg', '234666731', 0, 1, 0, '91530', NULL, 0, 'user', 'AJ1Z5tVX4hGFKVL5ytNHx0XSAQzcU9taumSqxfcmFBkNx6pU5Qh3ZN2LYcJ1', '2017-09-24 07:51:46', '2017-09-24 06:19:44'),
(71, 'contlexxga33', 'https://steamcdn-a.akamaihd.net/steamcommunity/public/images/avatars/fe/fef49e7fa7e1997310d705b2a6158ff8dc1cdfeb_full.jpg', '76561198426580010', 0, 0, 0, '1186', NULL, 0, 'user', 'fVO1HLxdjeI1EBG1WFVrTA87qdA3E335T4sUHWWx0FMzAPUEpQzyV2ZgJkkn', '2017-09-29 14:18:18', '2017-09-29 14:18:18'),
(72, 'Батурин Роман', 'https://pp.userapi.com/c636717/v636717539/610d3/srY3_gPd0O0.jpg', '378423539', 0, 0, 0, '76393', NULL, 0, 'user', 'MWvatKmcVSI2kANoU2QsQr1vSdCCgD81SHsxMaNegKVrcJKEWkXgR9UbSoD6', '2017-09-24 07:41:58', '2017-09-24 07:41:57'),
(73, 'Alikhan Seitkadyrov', 'https://steamcdn-a.akamaihd.net/steamcommunity/public/images/avatars/de/de9be2e17ad609572a91e16cb6dc35e811a230be_full.jpg', '76561198383769950', 0, 0, 0, '7893', 'page', 0, 'user', 'mIaJWAPL4b9EmhcWwMJ1hdrclHibMJIDRe8EYVLFf2wWNx41pCMjvwoZMvg7', '2017-10-28 07:19:51', '2017-10-28 07:18:01'),
(74, 'ЛОСЯШЪ kickback.com', 'https://steamcdn-a.akamaihd.net/steamcommunity/public/images/avatars/ec/ec724ebca9087739058163663c96df87fb38aad1_full.jpg', '76561198382858617', 0, 0, 0, '4103', NULL, 0, 'user', 'r6e99Lp6q7EWE03KXdvEMISeVP5iGszHUbcySkb2LxmxtD0hCcdnJKfI5EvJ', '2017-09-24 09:35:07', '2017-09-24 09:35:07'),
(75, 'Пименов Саша', 'https://pp.userapi.com/c637924/v637924304/5a76d/-XTsaHKlOy0.jpg', '246774304', 0, 0, 0, '84004', NULL, 0, 'user', 'DLRi0Jko0b9f2E2526VhiIFMijV0jnU2MI4kmeFTjyEqGJYS7mJYMC8paQJt', '2017-09-24 19:50:42', '2017-09-24 19:50:42'),
(76, 'bobidq', 'https://steamcdn-a.akamaihd.net/steamcommunity/public/images/avatars/34/3432641f23660b9e33173f94447a666eb4671cf6_full.jpg', '76561198400351726', 0, 0, 0, '4076', NULL, 0, 'user', 'xHhCGMImVLxx1pld1QCpIP7NhF0jO6YX7kWQa7FEbKsUvYpbnCbHMSQDyspb', '2017-09-24 19:52:41', '2017-09-24 19:52:41'),
(77, 'Паринов Евгений', 'https://pp.userapi.com/c841425/v841425762/c56e/At2RsyQU-i4.jpg', '223296949', 0, 0, 0, '92009', NULL, 0, 'user', '4UjG86aD3E36EMCPdXUbNavw148AUGRtpyPQZXS1Myyonx0Y3uvNTtQcjFXB', '2017-09-24 20:17:23', '2017-09-24 20:17:23'),
(78, 'Исторников Андрей', 'https://pp.userapi.com/c836237/v836237668/79c47/r_RJ4c3DHDU.jpg', '141215161', 0, 1, 0, '28981', NULL, 0, 'user', 'tjvA22A1TjGGtRqIaefmj7KEbTqDH63ZdtOaPexY0EXMUEdYdYoQQPtZNXTN', '2017-09-25 07:19:54', '2017-09-25 07:19:54'),
(79, 'Данелов Карлен', 'https://pp.userapi.com/c638822/v638822645/3b052/ggBh_VKhYTI.jpg', '400028645', 0, 0, 0, '22109', NULL, 0, 'user', 'gcHtvrBOciJCeu8ONV05tGS8JzFFGzKgCj5kcLHRgCkUyq59jOYjwSQIFUrM', '2017-09-25 08:09:26', '2017-09-25 08:09:26'),
(80, 'Ааа Аа', 'https://pp.userapi.com/c618225/v618225873/10df9/oG3ycNEIelI.jpg', '261175873', 0, 0, 0, '27245', NULL, 0, 'user', 'o1zoKmO536AICdOiKSpyhqgr7JZ45VDzZrxlMMRJGHKhgSDCk5D0nv1H3N1s', '2017-09-25 09:29:21', '2017-09-25 09:29:21'),
(81, 'Бабин Александр', 'https://pp.userapi.com/c637122/v637122537/16b67/MIFD9IKcQxE.jpg', '154676537', 0, 0, 0, '33278', NULL, 0, 'user', 'hWJdhngpizCd5uBJeyxXrX5mU9aeD3WWSnuE3c4ZtociyrOPqQRWN2edWGru', '2017-09-25 10:33:50', '2017-09-25 10:33:50'),
(82, 'Шубин Алексей', 'https://pp.userapi.com/c836438/v836438071/6b25c/zmTN67ZO1ng.jpg', '284005311', 0, 0, 0, '50828', NULL, 0, 'user', '7VwJNWToZK6d5xTEKVVqNE2VMA0S0zR9MsbtppJV4qoPDutVf6oJyMer6Aa1', '2017-09-25 11:46:10', '2017-09-25 11:46:10'),
(83, 'Newman Tim', 'https://pp.userapi.com/c841320/v841320075/25ce9/SKpKTh0CAO4.jpg', '443637553', 0, 0, 0, '20073', NULL, 0, 'user', 'Z6yenis1eMSGry3SowtoM3b7kkKEDr42CZiiKbtoNf5DNC8w7gyhR0njhrJu', '2017-09-25 11:49:35', '2017-09-25 11:49:35'),
(84, 'Гук Влад', 'https://pp.userapi.com/c841422/v841422767/1b0ad/ROo0GIiILIw.jpg', '394781178', 0, 0, 0, '96468', NULL, 0, 'user', 'kpMwIPeGMZeV6OUks742vct6oPIuemuurdojo7tlz5GVUmEbfoKOKZhRTtih', '2017-09-25 12:06:21', '2017-09-25 12:06:21'),
(85, 'Султанов Линар', 'https://pp.userapi.com/c841423/v841423095/17959/_KiqGy1XCZY.jpg', '125572873', 0, 0, 0, '55032', NULL, 0, 'user', 'PndYNCfB6pQJLIXXCRhTIIv8GdgtJWr4rrzQXI87dmEgsUeB4C3U2Cx0EP6P', '2017-09-25 13:40:39', '2017-09-25 13:40:39'),
(86, 'Холод Альберт', 'https://pp.userapi.com/c837426/v837426838/5a89f/9hrUeAGVd4Y.jpg', '324470504', 0, 0, 0, '00782', NULL, 0, 'user', 'K2zkBHMPFYIYOgDdaGBdNECXLujBNWdsLn6yyU3NWHvHmJxjZLpcZn3m21Bn', '2017-09-25 14:05:12', '2017-09-25 14:05:12'),
(87, 'Шишов Максим', 'https://sun9-12.userapi.com/c836520/v836520030/67140/kIZ16M8gk34.jpg', '249253711', 0, 0, 0, '09059', NULL, 0, 'user', 'ZzMkiMI4WFhhR9X3l0Ch1fsFCkq3Woz08tpH1ZIki9ECqQ1WFJgoEHOETMsK', '2017-09-25 14:32:52', '2017-09-25 14:32:52'),
(88, 'Рвачев Максим', 'https://vk.com/images/camera_200.png', '162791641', 0, 0, 0, '15433', NULL, 0, 'user', '4hEK7GOrZhj8tDTiP2gATLAodySgh1p15ezsnkAtMX930OttdRGshwLAMQpD', '2017-09-25 15:13:12', '2017-09-25 15:13:12'),
(89, 'Казаков Дима', 'https://pp.userapi.com/c836530/v836530154/5b33a/taAY75LGkjk.jpg', '402490804', 0, 0, 0, '90132', NULL, 0, 'user', 'Ld5Mn4CfCCTNIGLiyvtxySOdgw86SlnLXKN88oGjZzWeH6IoaZtryFMLMsNc', '2017-09-25 15:43:33', '2017-09-25 15:43:33'),
(90, 'FUCKSOCIETY csgoroll.com', 'https://steamcdn-a.akamaihd.net/steamcommunity/public/images/avatars/9b/9ba8117058e1794894afc27b6d285a612fcbe367_full.jpg', '76561198301138787', 0, 0, 0, '0374', NULL, 0, 'user', 'bNt1T1Rlk2SFMsnWjhGJe05yhtcgzeoN0yJ97DWIbmej7u1VPhULQ1aNjW4N', '2017-09-28 13:17:52', '2017-09-25 17:40:43'),
(91, 'MediumPussy', 'https://steamcdn-a.akamaihd.net/steamcommunity/public/images/avatars/07/07afc9a0d3746804964eba6043245e68299476c5_full.jpg', '76561198200219873', 0, 1, 0, '8580', NULL, 0, 'user', 'cJSvAUYpJDJbgLSoJ8PTuEh92fLnF3GcoHKKRI0lNxAFJcwZ8OsYhvTCLNs4', '2017-09-25 19:50:16', '2017-09-25 19:50:16'),
(92, '$-Timka-$', 'https://steamcdn-a.akamaihd.net/steamcommunity/public/images/avatars/b8/b88ef2590062a1243e3ec3fdd5e3fbdefaf6ce50_full.jpg', '76561198415169292', 0, 0, 0, '6689', NULL, 0, 'user', 'hdPCtyKJcFBzvguOBG238uGRxiiSpsU2mXXkmoR0mQ3tzNpqPKN4AqXteyhM', '2017-09-26 08:11:54', '2017-09-26 08:11:54'),
(93, 'Yalen Roman', 'https://pp.userapi.com/c836120/v836120869/1bb90/wGoUm9x1piE.jpg', '313115869', 0, 1, 0, '83947', 'page', 0, 'user', 'LoP5ifIkq8ga2SaQJVHpwJfizvN6xkAbNHntQy5axeBR0jye623lGzZ8WyD2', '2017-09-26 09:37:52', '2017-09-26 09:37:40'),
(94, 'opasnblu', 'https://steamcdn-a.akamaihd.net/steamcommunity/public/images/avatars/f4/f410d94451c97e8f0424a9f4dbda40bbb91b24b2_full.jpg', '76561198119481884', 0, 1, 0, '7731', 'page', 0, 'user', 'gh9ZWvyFuh8yxqby6U5NiTZEgshtF76OyO6x0jEckVYbML6I5eAatf9SQORC', '2017-09-26 09:36:55', '2017-09-26 09:34:27'),
(95, 'Жучков Даниил', 'https://pp.userapi.com/c637816/v637816416/404cf/ZWmW-CCldsk.jpg', '85702416', 0, 0, 0, '76769', NULL, 0, 'user', 'j1lxLujKiiRF49S3jENoQyXOFzpIZ1j2jPmb7KoXuWbqSsR2TgAc7BlUB9Nc', '2017-09-26 11:38:55', '2017-09-26 11:38:55'),
(96, 'Сергеев Денис', 'https://pp.userapi.com/c841234/v841234628/24f8e/0TgxoJfe7gI.jpg', '268036771', 0, 1, 0, '57022', 'page', 0, 'user', '7Ku2esfQvIZl79soSoVwD1h7wJUuubrYT5w5KCedZLihUq0iVbeiZocPrWHK', '2017-09-26 16:29:42', '2017-09-26 12:33:54'),
(97, 'Лунтик', 'https://steamcdn-a.akamaihd.net/steamcommunity/public/images/avatars/e5/e5bbd4e4ca4a6131e6fb1522ee28d8c27b66a9ce_full.jpg', '76561198341164261', 0, 1, 0, '3043', 'page', 0, 'user', 'hdblQiCB1QeiTNasPTug0p9LfsjG7AAH4zxKaM1dfK26qthma0rpA0xp9dfL', '2017-09-26 12:33:48', '2017-09-26 12:32:44'),
(98, 'Речкин Михаил', 'https://pp.userapi.com/c841430/v841430939/1e260/N-SbD4gscDA.jpg', '317786654', 0, 1, 0, '47856', 'page', 0, 'user', 'oETHUwbP4M8u1XmqVHF0J7WZFYPooKevbdecLn4gDyKh0BNHoC8lPF4iMXkV', '2017-09-26 17:40:20', '2017-09-26 16:30:25'),
(99, 'Шалунева Вика', 'https://sun9-12.userapi.com/c836537/v836537356/93092/69W4YyECWj4.jpg', '448239160', 0, 1, 0, '80262', 'page', 0, 'user', 'kpUqZum9z0GaXpV8FytCZir1YYclvHqeKs42kl2TKEnDIdy8ep6KWm4eOe2f', '2017-09-26 17:41:11', '2017-09-26 17:41:11'),
(100, 'ДИМА ХЗКОВ School 13', 'https://steamcdn-a.akamaihd.net/steamcommunity/public/images/avatars/1e/1e151e8d1e9819e24fb450e91911237f509c3e71_full.jpg', '76561198393653796', 0, 1, 0, '6530', 'page', 0, 'user', 'WwaB6E8lVGBN7cIgmUPwonE28hRliQlgBspBq93fAp7yPz06T17fsbrP6fYf', '2017-09-26 18:10:27', '2017-09-26 18:10:24'),
(101, 'Кульгаев Саша', 'https://vk.com/images/camera_200.png', '424434142', 0, 1, 0, '93157', 'page', 0, 'user', 'Hau6ZUFCrOojItR6a84zuZb4eM2NFvQ3j2GPCaQFy0RoGsrwcMbMBe0JVqB4', '2017-09-26 18:08:26', '2017-09-26 18:07:31'),
(102, 'kulgaev_sasha', 'https://steamcdn-a.akamaihd.net/steamcommunity/public/images/avatars/fe/fef49e7fa7e1997310d705b2a6158ff8dc1cdfeb_full.jpg', '76561198427812416', 0, 1, 0, '1949', 'page', 0, 'user', '4sRDtYJAj8uGK7UNVubOj0YdBdWZ7ce7pzZVluTU4YJZ6XmCEiClAiuFpYKy', '2017-09-26 18:11:33', '2017-09-26 18:11:33'),
(103, 'Jovi', 'https://steamcdn-a.akamaihd.net/steamcommunity/public/images/avatars/33/330a9536063a9e88f2f1e3e7517ae0ffb081afa8_full.jpg', '76561198130799443', 0, 0, 0, '8279', NULL, 0, 'user', 'dVjuPrWLlQY9fcGHU7KWNKaslnIqhtSjfq4eogALKUPsbVCgUaqNx8jtP4XK', '2017-09-27 10:20:52', '2017-09-27 10:20:52'),
(104, 'butakovma2006', 'https://steamcdn-a.akamaihd.net/steamcommunity/public/images/avatars/fe/fef49e7fa7e1997310d705b2a6158ff8dc1cdfeb_full.jpg', '76561198426238619', 0, 0, 0, '5284', NULL, 0, 'user', '9q1LjGwkYkhSxNbMQZ5R5aQCvDeoOEPIBVRWewt2ev0NuMrLUAbU7oiBZvou', '2017-09-29 15:10:27', '2017-09-29 15:10:27'),
(105, 'Федоренко Андрей', 'https://pp.userapi.com/c841326/v841326316/2097a/bBHCPajPBfY.jpg', '156507437', 0, 0, 0, '55544', NULL, 0, 'admin', 'NKADyUcH95XUEK69NhlxveCykctJmZ74lzUFq3YQqX47nuZd8b5IhqEy6Hbm', '2017-10-25 22:02:55', '2017-10-25 22:00:32'),
(106, 'Патракеев Андрей', 'https://pp.userapi.com/c837739/v837739877/35cea/PRoX4_lFBeE.jpg', '279488775', 0, 0, 0, '20574', NULL, 0, 'user', '5fvF0Ou8fVUKUOzjVkLXdWcZSkhzqs1ejImQHc1snTkzeCMmL9XEAkc1MldH', '2017-09-30 01:23:25', '2017-09-30 01:23:25'),
(107, 'Алпысбаев Адлет', 'https://sun9-15.userapi.com/c639616/v639616385/4d012/y3nvAKr1s88.jpg', '252676443', 0, 0, 0, '10759', NULL, 0, 'user', 'KAdx0R5B6p6n3HV6RU7oiYgScBMzyAVvgFSizQWyOZzS0ilEfoIWLyPQqwdZ', '2017-10-03 12:01:03', '2017-10-03 12:01:03'),
(108, '✪ Abuka', 'https://steamcdn-a.akamaihd.net/steamcommunity/public/images/avatars/38/38e8d7a478b60e58b5e50b0fbde1a9b3cda3a6a8_full.jpg', '76561198431313481', 0, 0, 0, '5674', NULL, 0, 'user', 'dSsRO4mIHudlRdTRW1llXLiXMWI9ztrquJYqffP4HULGGNi6PHpsGVVelnDX', '2017-10-04 15:36:49', '2017-10-04 15:36:49'),
(109, 'Зеннатов Абука', 'https://pp.userapi.com/c836339/v836339731/52942/0G7F60GDe7Y.jpg', '266031903', 0, 0, 0, '46715', NULL, 0, 'user', 'flwImmNBHG4YxT79PtfGccnXRq23l8wgkvKTJc4ce5hRNOjGg6rFRZuQlFH4', '2017-10-04 15:37:09', '2017-10-04 15:37:09'),
(110, 'Бевх Рома', 'https://pp.userapi.com/c638531/v638531503/537ad/5TBfTCBU8ec.jpg', '319437341', 0, 0, 0, '21408', NULL, 0, 'user', 'I0nrZTSVynAjKMyMo34qAoI1O852hwk2oCjVLkYQjj8k8LYdP0wSFfWkIN9t', '2017-10-07 16:56:57', '2017-10-07 16:56:57'),
(111, 'Пищёта Паша', 'https://pp.userapi.com/c836621/v836621723/25180/KrNkCkfaQ9Q.jpg', '229111723', 0, 0, 0, '25397', NULL, 0, 'user', '7Up2Y0yQPC2VmUm1yB1nFXnqPpqixsY6YmZ9kQZPxFANrh75HEamNaLeiliI', '2017-10-07 19:05:40', '2017-10-07 19:05:40'),
(112, 'Белоусов Жека', 'https://pp.userapi.com/c840237/v840237883/2dd49/dnXfxTVbBdE.jpg', '277979360', 0, 0, 0, '67468', NULL, 0, 'user', 'Cg6xiY0XjbCg4qM7SlRxMdmGbprotPgWixgyOSIlMAvTkNjkGAWRVgw4AFh9', '2017-10-08 12:16:52', '2017-10-08 12:16:52'),
(113, 'Веренич Влад', 'https://pp.userapi.com/c836232/v836232906/4a251/x6LFLqkjrY8.jpg', '143699781', 0, 0, 0, '32725', NULL, 0, 'user', '5OA2GjeCSJfbECkX141chI72nKoTeVm7sR1mqMrqm5zAgp8Mkk9e0ot8j9ps', '2017-10-08 12:23:52', '2017-10-08 12:23:52'),
(114, 'Rezn1koff ♔', 'https://steamcdn-a.akamaihd.net/steamcommunity/public/images/avatars/46/464e08b3d30f2e5081ceb769c64c633c692abd2a_full.jpg', '76561198166790895', 0, 0, 0, '7734', NULL, 0, 'user', '29gqPxRAwURdSnZQmJgyxcIbuk3jMQdkRIXzmDQbNTLvJ73lykni7ILKN1DW', '2017-10-08 12:34:46', '2017-10-08 12:34:46'),
(115, 'Мирный Егор', 'https://vk.com/images/camera_200.png', '420942234', 0, 0, 0, '47329', NULL, 0, 'user', 'JseYxnWcxA7r4O7kdHvbwH8CCGsRWdHtvIrMvW6jCHqOFgGkEKsnNdJ6ZycH', '2017-10-08 12:38:51', '2017-10-08 12:38:51'),
(116, 'Sannikov Edgar', 'https://pp.userapi.com/c841528/v841528615/26132/Qp3ewDu7VT4.jpg', '282101854', 0, 0, 0, '30239', NULL, 0, 'user', 'rXFrqIrfSnCnQtkRIXQOOXiP36CgYHAljHspU16FsGs6UoHv2TD5fzQx8120', '2017-10-08 14:27:53', '2017-10-08 14:27:53'),
(117, 'Кажикин Дмитрий', 'https://pp.userapi.com/c639426/v639426450/22a39/3xGERU6NvkQ.jpg', '416266450', 0, 0, 0, '72011', NULL, 0, 'user', 'ncZc1fESCNehmXJVyb9e6ulgSt1o8FGzJQ8NzuJNKU6jT8Ds1Z75PKjfhFeb', '2017-10-08 15:53:15', '2017-10-08 15:53:15'),
(118, 'Еськин Андрей', 'https://pp.userapi.com/c841123/v841123182/7432/-_S8OKbk2Bs.jpg', '216875182', 0, 0, 0, '49257', NULL, 0, 'user', 'VI85EjBoEscjRVxfHeYvHcnyDItrCZxIoY6B9rV86MxH4HUFmyrGmMR5JtOk', '2017-10-08 15:58:34', '2017-10-08 15:58:34'),
(119, 'Черников Эдуард', 'https://vk.com/images/camera_200.png', '189254195', 0, 0, 0, '18422', NULL, 0, 'user', 'DGwDxAYBLlEG7zmEdm3eoSZpAcsx2Zc7ieAgvVbm3qS0iG4ZzPH6pDQ4wR80', '2017-10-08 17:05:03', '2017-10-08 17:05:03'),
(120, 'Кривий Юра', 'https://pp.userapi.com/c836323/v836323812/4a33f/y6Zpy9pWQRE.jpg', '293512944', 0, 0, 0, '89516', NULL, 0, 'user', 'TiNChIK83zBpV8VpxxrWFxANRS0ZLfAw5aEb3B8oYkJFz2EYyup3Ya5y04z4', '2017-10-08 18:24:36', '2017-10-08 18:24:36'),
(121, 'rusram.kusaev86', 'https://steamcdn-a.akamaihd.net/steamcommunity/public/images/avatars/fe/fef49e7fa7e1997310d705b2a6158ff8dc1cdfeb_full.jpg', '76561198347470230', 0, 0, 0, '4438', NULL, 0, 'user', 'f35ItJx1lmPKivdbesnzRBWG34LBJLDP2MxfFaJJwJG9f191YS35YqPgi5Xn', '2017-10-22 08:35:39', '2017-10-22 08:35:39'),
(122, 'Алдонин Никита', 'https://pp.userapi.com/c621707/v621707278/15089/8SN2ht7Rtw8.jpg', '190640723', 0, 0, 0, '57721', NULL, 0, 'user', 'jUOHMxTNNqwNtBd3H7quIp5JBN8VcqnrYyIEsrIk1CpvKKWVshxFxWb6z33n', '2017-10-30 10:59:57', '2017-10-30 10:41:45'),
(123, 'Морозов Максим', 'https://pp.userapi.com/c841326/v841326947/fd62/s-aInwcS4Yo.jpg', '321416022', 0, 0, 0, '72353', NULL, 0, 'user', 'cL9L6WZcnifUOgvjjUaeAG82WpA7ikHlO4TjEmehYikwv52zSl9E2g1V6Uo3', '2017-10-22 14:33:33', '2017-10-22 14:33:33'),
(124, 'Гагарин Тимур', 'https://pp.userapi.com/c840727/v840727857/11474/k4GlW2CBu78.jpg', '151553714', 0, 0, 0, '45773', NULL, 0, 'user', 'esPW33zdWNcYFTwdjHksAHUKsTty5c22VUrRuSJh2dXhPIRWUm6DUJCXZzEe', '2017-10-23 14:24:53', '2017-10-23 14:24:53'),
(125, 'Петров Александр', 'https://pp.userapi.com/c836332/v836332638/5b60b/NyDYe4EqqZo.jpg', '407400586', 12, 6, 0, '02112', NULL, 0, 'user', 'DkMX88PNYf824l48I9r8St4PWycvNebO1r9H7nZneMFTRYo1KFCs857Jc9Oc', '2017-10-26 10:58:03', '2017-10-26 10:58:03'),
(126, 'RoNi', 'https://steamcdn-a.akamaihd.net/steamcommunity/public/images/avatars/cf/cfae4d09bf18801c48ab02cbc1f9db4a75bce86e_full.jpg', '76561198350725308', 0, 0, 0, '4228', NULL, 0, 'user', 'ijtN2WTU9jJzqVJpb7acRVIn0tQ2F9aOEIKTfxo6HDbMuTxpeBKxl1q1gffQ', '2017-10-25 17:10:15', '2017-10-25 17:10:15');

-- --------------------------------------------------------

--
-- Структура таблицы `withdraw`
--

CREATE TABLE IF NOT EXISTS `withdraw` (
  `id` int(11) NOT NULL AUTO_INCREMENT,
  `user_id` int(255) NOT NULL,
  `payway` varchar(256) NOT NULL,
  `amount` int(255) NOT NULL,
  `status` int(11) NOT NULL,
  `created_at` timestamp NOT NULL DEFAULT CURRENT_TIMESTAMP ON UPDATE CURRENT_TIMESTAMP,
  `updated_at` timestamp NOT NULL DEFAULT '0000-00-00 00:00:00',
  PRIMARY KEY (`id`)
) ENGINE=InnoDB DEFAULT CHARSET=utf8 AUTO_INCREMENT=1 ;

/*!40101 SET CHARACTER_SET_CLIENT=@OLD_CHARACTER_SET_CLIENT */;
/*!40101 SET CHARACTER_SET_RESULTS=@OLD_CHARACTER_SET_RESULTS */;
/*!40101 SET COLLATION_CONNECTION=@OLD_COLLATION_CONNECTION */;
